-- --------------------------------------------------------
-- Host:                         127.0.0.1
-- Versión del servidor:         10.4.32-MariaDB - mariadb.org binary distribution
-- SO del servidor:              Win64
-- HeidiSQL Versión:             12.10.0.7000
-- --------------------------------------------------------

/*!40101 SET @OLD_CHARACTER_SET_CLIENT=@@CHARACTER_SET_CLIENT */;
/*!40101 SET NAMES utf8 */;
/*!50503 SET NAMES utf8mb4 */;
/*!40103 SET @OLD_TIME_ZONE=@@TIME_ZONE */;
/*!40103 SET TIME_ZONE='+00:00' */;
/*!40014 SET @OLD_FOREIGN_KEY_CHECKS=@@FOREIGN_KEY_CHECKS, FOREIGN_KEY_CHECKS=0 */;
/*!40101 SET @OLD_SQL_MODE=@@SQL_MODE, SQL_MODE='NO_AUTO_VALUE_ON_ZERO' */;
/*!40111 SET @OLD_SQL_NOTES=@@SQL_NOTES, SQL_NOTES=0 */;

-- Volcando datos para la tabla planmaster.project_bcg_analysis: ~5 rows (aproximadamente)
INSERT INTO `project_bcg_analysis` (`id`, `project_id`, `analysis_name`, `analysis_status`, `total_sales_forecast`, `average_tcm`, `average_prm`, `created_at`, `updated_at`) VALUES
	(1, 10, 'Análisis BCG', 'completed', 0.00, 0.00, 0.00, '2025-10-30 01:21:51', '2025-10-30 01:26:01'),
	(3, 7, 'Análisis BCG', 'completed', 28700.00, 13.22, 0.55, '2025-10-30 01:31:07', '2025-11-05 17:55:30'),
	(13, 11, 'Análisis BCG', 'completed', 30022.00, 13.11, 0.67, '2025-11-05 17:02:14', '2025-11-05 20:18:12'),
	(32, 12, 'Análisis BCG', 'completed', 28700.00, 13.22, 0.55, '2025-11-06 22:34:40', '2025-11-19 06:20:31'),
	(36, 13, 'Análisis BCG', 'completed', 0.00, 0.00, 0.00, '2025-11-19 14:23:47', '2025-11-19 14:23:47'),
	(37, 14, 'Análisis BCG', 'completed', 0.00, 0.00, 0.00, '2025-11-19 20:17:24', '2025-11-19 20:17:24');

-- Volcando datos para la tabla planmaster.project_bcg_competitors: ~44 rows (aproximadamente)
INSERT INTO `project_bcg_competitors` (`id`, `project_id`, `product_id`, `competitor_name`, `competitor_sales`, `market_share_percentage`, `is_main_competitor`, `is_max_sales`, `competitor_order`, `notes`, `created_at`, `updated_at`) VALUES
	(8, 10, 4, 'Apple iPhone', 25000.00, 0.00, 0, 0, 1, NULL, '2025-10-30 01:26:01', '2025-10-30 01:26:01'),
	(9, 10, 4, 'Samsung Galaxy', 22000.00, 0.00, 0, 0, 2, NULL, '2025-10-30 01:26:01', '2025-10-30 01:26:01'),
	(10, 10, 4, 'Xiaomi Mi', 18000.00, 0.00, 0, 0, 3, NULL, '2025-10-30 01:26:01', '2025-10-30 01:26:01'),
	(11, 10, 4, 'ASUS ROG', 12000.00, 0.00, 0, 0, 4, NULL, '2025-10-30 01:26:01', '2025-10-30 01:26:01'),
	(12, 10, 4, 'MSI Gaming', 10500.00, 0.00, 0, 0, 5, NULL, '2025-10-30 01:26:01', '2025-10-30 01:26:01'),
	(13, 10, 4, 'iPad Pro', 15000.00, 0.00, 0, 0, 6, NULL, '2025-10-30 01:26:01', '2025-10-30 01:26:01'),
	(14, 10, 4, 'Surface Pro', 8500.00, 0.00, 0, 0, 7, NULL, '2025-10-30 01:26:01', '2025-10-30 01:26:01'),
	(138, 7, 54, 'Apple iPhone', 25000.00, 0.00, 0, 1, 1, NULL, '2025-11-05 17:55:30', '2025-11-05 17:55:30'),
	(139, 7, 54, 'Samsung Galaxy', 22000.00, 0.00, 0, 0, 2, NULL, '2025-11-05 17:55:30', '2025-11-05 17:55:30'),
	(140, 7, 54, 'Xiaomi Mi', 18000.00, 0.00, 0, 0, 3, NULL, '2025-11-05 17:55:30', '2025-11-05 17:55:30'),
	(141, 7, 55, 'ASUS ROG', 12000.00, 0.00, 0, 1, 1, NULL, '2025-11-05 17:55:30', '2025-11-05 17:55:30'),
	(142, 7, 55, 'MSI Gaming', 10500.00, 0.00, 0, 0, 2, NULL, '2025-11-05 17:55:30', '2025-11-05 17:55:30'),
	(143, 7, 56, 'iPad Pro', 15000.00, 0.00, 0, 1, 1, NULL, '2025-11-05 17:55:30', '2025-11-05 17:55:30'),
	(144, 7, 56, 'Surface Pro', 8500.00, 0.00, 0, 0, 2, NULL, '2025-11-05 17:55:30', '2025-11-05 17:55:30'),
	(224, 11, 91, 'Apple iPhone', 25000.00, 0.00, 0, 1, 1, NULL, '2025-11-05 20:18:12', '2025-11-05 20:18:12'),
	(225, 11, 91, 'Samsung Galaxy', 22000.00, 0.00, 0, 0, 2, NULL, '2025-11-05 20:18:12', '2025-11-05 20:18:12'),
	(226, 11, 91, 'Xiaomi Mi', 18000.00, 0.00, 0, 0, 3, NULL, '2025-11-05 20:18:12', '2025-11-05 20:18:12'),
	(227, 11, 92, 'ASUS ROG', 12000.00, 0.00, 0, 1, 1, NULL, '2025-11-05 20:18:12', '2025-11-05 20:18:12'),
	(228, 11, 92, 'MSI Gaming', 10500.00, 0.00, 0, 0, 2, NULL, '2025-11-05 20:18:12', '2025-11-05 20:18:12'),
	(229, 11, 93, 'iPad Pro', 15000.00, 0.00, 0, 1, 1, NULL, '2025-11-05 20:18:12', '2025-11-05 20:18:12'),
	(230, 11, 93, 'Surface Pro', 8500.00, 0.00, 0, 0, 2, NULL, '2025-11-05 20:18:12', '2025-11-05 20:18:12'),
	(231, 11, 94, 'Chevi CORP', 1200.00, 0.00, 0, 0, 1, NULL, '2025-11-05 20:18:12', '2025-11-05 20:18:12'),
	(232, 11, 94, 'Gaby SAC', 1300.00, 0.00, 0, 1, 2, NULL, '2025-11-05 20:18:12', '2025-11-05 20:18:12'),
	(254, 12, 104, 'Apple iPhone', 25000.00, 0.00, 0, 1, 1, NULL, '2025-11-19 06:20:31', '2025-11-19 06:20:31'),
	(255, 12, 104, 'Samsung Galaxy', 22000.00, 0.00, 0, 0, 2, NULL, '2025-11-19 06:20:31', '2025-11-19 06:20:31'),
	(256, 12, 104, 'Xiaomi Mi', 18000.00, 0.00, 0, 0, 3, NULL, '2025-11-19 06:20:31', '2025-11-19 06:20:31'),
	(257, 12, 105, 'ASUS ROG', 12000.00, 0.00, 0, 1, 1, NULL, '2025-11-19 06:20:31', '2025-11-19 06:20:31'),
	(258, 12, 105, 'MSI Gaming', 10500.00, 0.00, 0, 0, 2, NULL, '2025-11-19 06:20:31', '2025-11-19 06:20:31'),
	(259, 12, 106, 'iPad Pro', 15000.00, 0.00, 0, 1, 1, NULL, '2025-11-19 06:20:31', '2025-11-19 06:20:31'),
	(260, 12, 106, 'Surface Pro', 8500.00, 0.00, 0, 0, 2, NULL, '2025-11-19 06:20:31', '2025-11-19 06:20:31'),
	(261, 13, 107, 'Apple iPhone', 25000.00, 0.00, 0, 1, 1, NULL, '2025-11-19 14:23:47', '2025-11-19 14:23:47'),
	(262, 13, 107, 'Samsung Galaxy', 22000.00, 0.00, 0, 0, 2, NULL, '2025-11-19 14:23:47', '2025-11-19 14:23:47'),
	(263, 13, 107, 'Xiaomi Mi', 18000.00, 0.00, 0, 0, 3, NULL, '2025-11-19 14:23:47', '2025-11-19 14:23:47'),
	(264, 13, 108, 'ASUS ROG', 12000.00, 0.00, 0, 1, 1, NULL, '2025-11-19 14:23:47', '2025-11-19 14:23:47'),
	(265, 13, 108, 'MSI Gaming', 10500.00, 0.00, 0, 0, 2, NULL, '2025-11-19 14:23:47', '2025-11-19 14:23:47'),
	(266, 13, 109, 'iPad Pro', 15000.00, 0.00, 0, 1, 1, NULL, '2025-11-19 14:23:47', '2025-11-19 14:23:47'),
	(267, 13, 109, 'Surface Pro', 8500.00, 0.00, 0, 0, 2, NULL, '2025-11-19 14:23:47', '2025-11-19 14:23:47'),
	(268, 14, 110, 'Apple iPhone', 25000.00, 0.00, 0, 1, 1, NULL, '2025-11-19 20:17:24', '2025-11-19 20:17:24'),
	(269, 14, 110, 'Samsung Galaxy', 22000.00, 0.00, 0, 0, 2, NULL, '2025-11-19 20:17:24', '2025-11-19 20:17:24'),
	(270, 14, 110, 'Xiaomi Mi', 18000.00, 0.00, 0, 0, 3, NULL, '2025-11-19 20:17:24', '2025-11-19 20:17:24'),
	(271, 14, 111, 'ASUS ROG', 12000.00, 0.00, 0, 1, 1, NULL, '2025-11-19 20:17:24', '2025-11-19 20:17:24'),
	(272, 14, 111, 'MSI Gaming', 10500.00, 0.00, 0, 0, 2, NULL, '2025-11-19 20:17:24', '2025-11-19 20:17:24'),
	(273, 14, 112, 'iPad Pro', 15000.00, 0.00, 0, 1, 1, NULL, '2025-11-19 20:17:24', '2025-11-19 20:17:24'),
	(274, 14, 112, 'Surface Pro', 8500.00, 0.00, 0, 0, 2, NULL, '2025-11-19 20:17:24', '2025-11-19 20:17:24');

-- Volcando datos para la tabla planmaster.project_bcg_market_growth: ~38 rows (aproximadamente)
INSERT INTO `project_bcg_market_growth` (`id`, `project_id`, `product_id`, `period_name`, `period_start_year`, `period_end_year`, `tcm_percentage`, `period_order`, `created_at`, `updated_at`) VALUES
	(3, 10, 4, '2023-2024', 2023, 2024, 0.00, 1, '2025-10-30 01:26:01', '2025-10-30 01:26:01'),
	(4, 10, 4, '2024-2025', 2024, 2025, 0.00, 2, '2025-10-30 01:26:01', '2025-10-30 01:26:01'),
	(119, 7, 54, '2025-2026', 2025, 2026, 15.50, 1, '2025-11-05 17:55:30', '2025-11-05 17:55:30'),
	(120, 7, 55, '2025-2026', 2025, 2026, 8.20, 1, '2025-11-05 17:55:30', '2025-11-05 17:55:30'),
	(121, 7, 56, '2025-2026', 2025, 2026, 12.10, 1, '2025-11-05 17:55:30', '2025-11-05 17:55:30'),
	(122, 7, 54, '2024-2025', 2024, 2025, 18.30, 2, '2025-11-05 17:55:30', '2025-11-05 17:55:30'),
	(123, 7, 55, '2024-2025', 2024, 2025, 10.50, 2, '2025-11-05 17:55:30', '2025-11-05 17:55:30'),
	(124, 7, 56, '2024-2025', 2024, 2025, 14.70, 2, '2025-11-05 17:55:30', '2025-11-05 17:55:30'),
	(215, 11, 91, '2025-2026', 2025, 2026, 15.50, 1, '2025-11-05 20:18:12', '2025-11-05 20:18:12'),
	(216, 11, 92, '2025-2026', 2025, 2026, 8.20, 1, '2025-11-05 20:18:12', '2025-11-05 20:18:12'),
	(217, 11, 93, '2025-2026', 2025, 2026, 12.10, 1, '2025-11-05 20:18:12', '2025-11-05 20:18:12'),
	(218, 11, 94, '2025-2026', 2025, 2026, 13.00, 1, '2025-11-05 20:18:12', '2025-11-05 20:18:12'),
	(219, 11, 91, '2024-2025', 2024, 2025, 18.30, 2, '2025-11-05 20:18:12', '2025-11-05 20:18:12'),
	(220, 11, 92, '2024-2025', 2024, 2025, 10.50, 2, '2025-11-05 20:18:12', '2025-11-05 20:18:12'),
	(221, 11, 93, '2024-2025', 2024, 2025, 14.70, 2, '2025-11-05 20:18:12', '2025-11-05 20:18:12'),
	(222, 11, 94, '2024-2025', 2024, 2025, 13.00, 2, '2025-11-05 20:18:12', '2025-11-05 20:18:12'),
	(223, 11, 91, '2023-2024', 2023, 2024, 13.00, 3, '2025-11-05 20:18:12', '2025-11-05 20:18:12'),
	(224, 11, 92, '2023-2024', 2023, 2024, 13.00, 3, '2025-11-05 20:18:12', '2025-11-05 20:18:12'),
	(225, 11, 93, '2023-2024', 2023, 2024, 13.00, 3, '2025-11-05 20:18:12', '2025-11-05 20:18:12'),
	(226, 11, 94, '2023-2024', 2023, 2024, 13.00, 3, '2025-11-05 20:18:12', '2025-11-05 20:18:12'),
	(245, 12, 104, '2025-2026', 2025, 2026, 15.50, 1, '2025-11-19 06:20:31', '2025-11-19 06:20:31'),
	(246, 12, 105, '2025-2026', 2025, 2026, 8.20, 1, '2025-11-19 06:20:31', '2025-11-19 06:20:31'),
	(247, 12, 106, '2025-2026', 2025, 2026, 12.10, 1, '2025-11-19 06:20:31', '2025-11-19 06:20:31'),
	(248, 12, 104, '2024-2025', 2024, 2025, 18.30, 2, '2025-11-19 06:20:31', '2025-11-19 06:20:31'),
	(249, 12, 105, '2024-2025', 2024, 2025, 10.50, 2, '2025-11-19 06:20:31', '2025-11-19 06:20:31'),
	(250, 12, 106, '2024-2025', 2024, 2025, 14.70, 2, '2025-11-19 06:20:31', '2025-11-19 06:20:31'),
	(251, 13, 107, '2025-2026', 2025, 2026, 15.50, 1, '2025-11-19 14:23:47', '2025-11-19 14:23:47'),
	(252, 13, 108, '2025-2026', 2025, 2026, 8.20, 1, '2025-11-19 14:23:47', '2025-11-19 14:23:47'),
	(253, 13, 109, '2025-2026', 2025, 2026, 12.10, 1, '2025-11-19 14:23:47', '2025-11-19 14:23:47'),
	(254, 13, 107, '2024-2025', 2024, 2025, 18.30, 2, '2025-11-19 14:23:47', '2025-11-19 14:23:47'),
	(255, 13, 108, '2024-2025', 2024, 2025, 10.50, 2, '2025-11-19 14:23:47', '2025-11-19 14:23:47'),
	(256, 13, 109, '2024-2025', 2024, 2025, 14.70, 2, '2025-11-19 14:23:47', '2025-11-19 14:23:47'),
	(257, 14, 110, '2025-2026', 2025, 2026, 15.50, 1, '2025-11-19 20:17:24', '2025-11-19 20:17:24'),
	(258, 14, 111, '2025-2026', 2025, 2026, 8.20, 1, '2025-11-19 20:17:24', '2025-11-19 20:17:24'),
	(259, 14, 112, '2025-2026', 2025, 2026, 12.10, 1, '2025-11-19 20:17:24', '2025-11-19 20:17:24'),
	(260, 14, 110, '2024-2025', 2024, 2025, 18.30, 2, '2025-11-19 20:17:24', '2025-11-19 20:17:24'),
	(261, 14, 111, '2024-2025', 2024, 2025, 10.50, 2, '2025-11-19 20:17:24', '2025-11-19 20:17:24'),
	(262, 14, 112, '2024-2025', 2024, 2025, 14.70, 2, '2025-11-19 20:17:24', '2025-11-19 20:17:24');

-- Volcando datos para la tabla planmaster.project_bcg_matrix_results: ~102 rows (aproximadamente)
INSERT INTO `project_bcg_matrix_results` (`id`, `project_id`, `product_id`, `prm_relative_position`, `tcm_market_growth`, `bcg_quadrant`, `quadrant_description`, `strategic_recommendation`, `matrix_position_x`, `matrix_position_y`, `bubble_size`, `created_at`, `updated_at`) VALUES
	(1, 7, 11, 0.6000, 16.90, 'interrogante', NULL, NULL, 30.0000, 84.5000, 1.5000, '2025-10-30 01:40:35', '2025-10-30 01:40:35'),
	(2, 7, 12, 0.0000, 9.35, 'perro', NULL, NULL, 0.0000, 46.7500, 0.8500, '2025-10-30 01:40:35', '2025-10-30 01:40:35'),
	(3, 7, 13, 0.0000, 13.40, 'interrogante', NULL, NULL, 0.0000, 67.0000, 0.5200, '2025-10-30 01:40:35', '2025-10-30 01:40:35'),
	(4, 7, 14, 0.6000, 16.90, 'interrogante', NULL, NULL, 30.0000, 84.5000, 1.5000, '2025-10-30 01:41:40', '2025-10-30 01:41:40'),
	(5, 7, 15, 0.0000, 9.35, 'perro', NULL, NULL, 0.0000, 46.7500, 0.8500, '2025-10-30 01:41:40', '2025-10-30 01:41:40'),
	(6, 7, 16, 0.0000, 13.40, 'interrogante', NULL, NULL, 0.0000, 67.0000, 0.5200, '2025-10-30 01:41:40', '2025-10-30 01:41:40'),
	(7, 7, 17, 0.6000, 11.27, 'interrogante', NULL, NULL, 30.0000, 56.3333, 1.5000, '2025-10-30 01:43:08', '2025-10-30 01:43:08'),
	(8, 7, 18, 0.0000, 6.23, 'perro', NULL, NULL, 0.0000, 31.1667, 0.8500, '2025-10-30 01:43:08', '2025-10-30 01:43:08'),
	(9, 7, 19, 0.0000, 8.93, 'perro', NULL, NULL, 0.0000, 44.6667, 0.5200, '2025-10-30 01:43:08', '2025-10-30 01:43:08'),
	(10, 7, 20, 0.6000, 16.90, 'interrogante', NULL, NULL, 30.0000, 84.5000, 1.5000, '2025-10-30 01:45:41', '2025-10-30 01:45:41'),
	(11, 7, 21, 0.0000, 9.35, 'perro', NULL, NULL, 0.0000, 46.7500, 0.8500, '2025-10-30 01:45:41', '2025-10-30 01:45:41'),
	(12, 7, 22, 0.0000, 13.40, 'interrogante', NULL, NULL, 0.0000, 67.0000, 0.5200, '2025-10-30 01:45:41', '2025-10-30 01:45:41'),
	(13, 7, 23, 0.6000, 16.90, 'interrogante', NULL, NULL, 30.0000, 84.5000, 1.5000, '2025-10-30 02:06:32', '2025-10-30 02:06:32'),
	(14, 7, 24, 0.7083, 9.35, 'perro', NULL, NULL, 35.4167, 46.7500, 0.8500, '2025-10-30 02:06:32', '2025-10-30 02:06:32'),
	(15, 7, 25, 0.3467, 13.40, 'interrogante', NULL, NULL, 17.3333, 67.0000, 0.5200, '2025-10-30 02:06:32', '2025-10-30 02:06:32'),
	(16, 7, 26, 0.6000, 15.60, 'interrogante', NULL, NULL, 30.0000, 78.0000, 1.5000, '2025-11-05 16:59:24', '2025-11-05 16:59:24'),
	(17, 7, 27, 0.7083, 10.57, 'interrogante', NULL, NULL, 35.4167, 52.8333, 0.8500, '2025-11-05 16:59:24', '2025-11-05 16:59:24'),
	(18, 7, 28, 0.2600, 13.27, 'interrogante', NULL, NULL, 13.0000, 66.3333, 0.5200, '2025-11-05 16:59:24', '2025-11-05 16:59:24'),
	(19, 7, 29, 0.6000, 15.60, 'interrogante', NULL, NULL, 30.0000, 78.0000, 1.5000, '2025-11-05 17:00:25', '2025-11-05 17:00:25'),
	(20, 7, 30, 0.7083, 10.57, 'interrogante', NULL, NULL, 35.4167, 52.8333, 0.8500, '2025-11-05 17:00:25', '2025-11-05 17:00:25'),
	(21, 7, 31, 0.2600, 13.27, 'interrogante', NULL, NULL, 13.0000, 66.3333, 0.5200, '2025-11-05 17:00:25', '2025-11-05 17:00:25'),
	(22, 7, 32, 0.6000, 15.60, 'interrogante', NULL, NULL, 30.0000, 78.0000, 1.5000, '2025-11-05 17:01:13', '2025-11-05 17:01:13'),
	(23, 7, 33, 0.7083, 10.57, 'interrogante', NULL, NULL, 35.4167, 52.8333, 0.8500, '2025-11-05 17:01:13', '2025-11-05 17:01:13'),
	(24, 7, 34, 0.2600, 13.27, 'interrogante', NULL, NULL, 13.0000, 66.3333, 0.5200, '2025-11-05 17:01:13', '2025-11-05 17:01:13'),
	(25, 11, 35, 0.6000, 16.90, 'interrogante', NULL, NULL, 30.0000, 84.5000, 1.5000, '2025-11-05 17:02:14', '2025-11-05 17:02:14'),
	(26, 11, 36, 0.7083, 9.35, 'perro', NULL, NULL, 35.4167, 46.7500, 0.8500, '2025-11-05 17:02:14', '2025-11-05 17:02:14'),
	(27, 11, 37, 0.3467, 13.40, 'interrogante', NULL, NULL, 17.3333, 67.0000, 0.5200, '2025-11-05 17:02:14', '2025-11-05 17:02:14'),
	(28, 11, 38, 0.6000, 15.33, 'interrogante', NULL, NULL, 30.0000, 76.6667, 1.5000, '2025-11-05 17:04:41', '2025-11-05 17:04:41'),
	(29, 11, 39, 0.7083, 10.30, 'interrogante', NULL, NULL, 35.4167, 51.5000, 0.8500, '2025-11-05 17:04:41', '2025-11-05 17:04:41'),
	(30, 11, 40, 0.3467, 13.00, 'interrogante', NULL, NULL, 17.3333, 65.0000, 0.5200, '2025-11-05 17:04:41', '2025-11-05 17:04:41'),
	(31, 11, 41, 0.6000, 15.33, 'interrogante', NULL, NULL, 30.0000, 76.6667, 1.5000, '2025-11-05 17:08:48', '2025-11-05 17:08:48'),
	(32, 11, 42, 0.7083, 10.30, 'interrogante', NULL, NULL, 35.4167, 51.5000, 0.8500, '2025-11-05 17:08:48', '2025-11-05 17:08:48'),
	(33, 11, 43, 0.3467, 13.00, 'interrogante', NULL, NULL, 17.3333, 65.0000, 0.5200, '2025-11-05 17:08:48', '2025-11-05 17:08:48'),
	(34, 11, 44, 1.2000, 13.13, 'estrella', NULL, NULL, 60.0000, 65.6667, 0.6000, '2025-11-05 17:08:48', '2025-11-05 17:08:48'),
	(35, 7, 45, 0.6000, 15.60, 'interrogante', NULL, NULL, 30.0000, 78.0000, 1.5000, '2025-11-05 17:54:10', '2025-11-05 17:54:10'),
	(36, 7, 46, 0.7083, 10.57, 'interrogante', NULL, NULL, 35.4167, 52.8333, 0.8500, '2025-11-05 17:54:10', '2025-11-05 17:54:10'),
	(37, 7, 47, 0.2600, 13.27, 'interrogante', NULL, NULL, 13.0000, 66.3333, 0.5200, '2025-11-05 17:54:10', '2025-11-05 17:54:10'),
	(38, 7, 48, 0.6000, 15.60, 'interrogante', NULL, NULL, 30.0000, 78.0000, 1.5000, '2025-11-05 17:54:31', '2025-11-05 17:54:31'),
	(39, 7, 49, 0.7083, 10.57, 'interrogante', NULL, NULL, 35.4167, 52.8333, 0.8500, '2025-11-05 17:54:31', '2025-11-05 17:54:31'),
	(40, 7, 50, 0.2600, 13.27, 'interrogante', NULL, NULL, 13.0000, 66.3333, 0.5200, '2025-11-05 17:54:31', '2025-11-05 17:54:31'),
	(41, 7, 51, 0.6000, 16.90, 'interrogante', NULL, NULL, 30.0000, 84.5000, 1.5000, '2025-11-05 17:55:00', '2025-11-05 17:55:00'),
	(42, 7, 52, 0.7083, 9.35, 'perro', NULL, NULL, 35.4167, 46.7500, 0.8500, '2025-11-05 17:55:00', '2025-11-05 17:55:00'),
	(43, 7, 53, 0.3467, 13.40, 'interrogante', NULL, NULL, 17.3333, 67.0000, 0.5200, '2025-11-05 17:55:00', '2025-11-05 17:55:00'),
	(44, 7, 54, 0.6000, 16.90, 'interrogante', NULL, NULL, 30.0000, 84.5000, 1.5000, '2025-11-05 17:55:30', '2025-11-05 17:55:30'),
	(45, 7, 55, 0.7083, 9.35, 'perro', NULL, NULL, 35.4167, 46.7500, 0.8500, '2025-11-05 17:55:30', '2025-11-05 17:55:30'),
	(46, 7, 56, 0.3467, 13.40, 'interrogante', NULL, NULL, 17.3333, 67.0000, 0.5200, '2025-11-05 17:55:30', '2025-11-05 17:55:30'),
	(47, 11, 57, 0.6000, 16.90, 'interrogante', NULL, NULL, 30.0000, 84.5000, 1.5000, '2025-11-05 19:28:37', '2025-11-05 19:28:37'),
	(48, 11, 58, 0.7083, 9.35, 'perro', NULL, NULL, 35.4167, 46.7500, 0.8500, '2025-11-05 19:28:37', '2025-11-05 19:28:37'),
	(49, 11, 59, 0.3467, 13.40, 'interrogante', NULL, NULL, 17.3333, 67.0000, 0.5200, '2025-11-05 19:28:37', '2025-11-05 19:28:37'),
	(50, 11, 60, 0.6000, 15.60, 'interrogante', NULL, NULL, 30.0000, 78.0000, 1.5000, '2025-11-05 19:30:12', '2025-11-05 19:30:12'),
	(51, 11, 61, 0.7083, 10.57, 'interrogante', NULL, NULL, 35.4167, 52.8333, 0.8500, '2025-11-05 19:30:12', '2025-11-05 19:30:12'),
	(52, 11, 62, 0.3467, 13.27, 'interrogante', NULL, NULL, 17.3333, 66.3333, 0.5200, '2025-11-05 19:30:12', '2025-11-05 19:30:12'),
	(53, 11, 63, 0.6000, 15.60, 'interrogante', NULL, NULL, 30.0000, 78.0000, 1.5000, '2025-11-05 19:33:39', '2025-11-05 19:33:39'),
	(54, 11, 64, 0.7083, 10.57, 'interrogante', NULL, NULL, 35.4167, 52.8333, 0.8500, '2025-11-05 19:33:39', '2025-11-05 19:33:39'),
	(55, 11, 65, 0.3467, 13.27, 'interrogante', NULL, NULL, 17.3333, 66.3333, 0.5200, '2025-11-05 19:33:39', '2025-11-05 19:33:39'),
	(56, 11, 66, 0.6000, 16.90, 'interrogante', NULL, NULL, 30.0000, 84.5000, 1.5000, '2025-11-05 19:42:06', '2025-11-05 19:42:06'),
	(57, 11, 67, 0.7083, 9.35, 'perro', NULL, NULL, 35.4167, 46.7500, 0.8500, '2025-11-05 19:42:06', '2025-11-05 19:42:06'),
	(58, 11, 68, 0.3467, 13.40, 'interrogante', NULL, NULL, 17.3333, 67.0000, 0.5200, '2025-11-05 19:42:06', '2025-11-05 19:42:06'),
	(59, 11, 69, 0.6000, 15.60, 'interrogante', NULL, NULL, 30.0000, 78.0000, 1.5000, '2025-11-05 19:42:50', '2025-11-05 19:42:50'),
	(60, 11, 70, 0.7083, 10.57, 'interrogante', NULL, NULL, 35.4167, 52.8333, 0.8500, '2025-11-05 19:42:50', '2025-11-05 19:42:50'),
	(61, 11, 71, 0.3467, 13.27, 'interrogante', NULL, NULL, 17.3333, 66.3333, 0.5200, '2025-11-05 19:42:50', '2025-11-05 19:42:50'),
	(62, 11, 72, 0.6000, 15.60, 'interrogante', NULL, NULL, 30.0000, 78.0000, 1.5000, '2025-11-05 19:45:40', '2025-11-05 19:45:40'),
	(63, 11, 73, 0.7083, 10.57, 'interrogante', NULL, NULL, 35.4167, 52.8333, 0.8500, '2025-11-05 19:45:40', '2025-11-05 19:45:40'),
	(64, 11, 74, 0.3467, 13.27, 'interrogante', NULL, NULL, 17.3333, 66.3333, 0.5200, '2025-11-05 19:45:40', '2025-11-05 19:45:40'),
	(65, 11, 75, 0.6000, 16.90, 'interrogante', NULL, NULL, 30.0000, 84.5000, 1.5000, '2025-11-05 19:54:46', '2025-11-05 19:54:46'),
	(66, 11, 76, 0.7083, 9.35, 'perro', NULL, NULL, 35.4167, 46.7500, 0.8500, '2025-11-05 19:54:46', '2025-11-05 19:54:46'),
	(67, 11, 77, 0.3467, 13.40, 'interrogante', NULL, NULL, 17.3333, 67.0000, 0.5200, '2025-11-05 19:54:46', '2025-11-05 19:54:46'),
	(68, 11, 78, 0.6000, 16.27, 'interrogante', NULL, NULL, 30.0000, 81.3333, 1.5000, '2025-11-05 19:55:39', '2025-11-05 19:55:39'),
	(69, 11, 79, 0.7083, 11.23, 'interrogante', NULL, NULL, 35.4167, 56.1667, 0.8500, '2025-11-05 19:55:39', '2025-11-05 19:55:39'),
	(70, 11, 80, 0.3467, 13.93, 'interrogante', NULL, NULL, 17.3333, 69.6667, 0.5200, '2025-11-05 19:55:39', '2025-11-05 19:55:39'),
	(71, 11, 81, 0.6000, 16.90, 'interrogante', NULL, NULL, 30.0000, 84.5000, 1.5000, '2025-11-05 20:07:24', '2025-11-05 20:07:24'),
	(72, 11, 82, 0.7083, 9.35, 'perro', NULL, NULL, 35.4167, 46.7500, 0.8500, '2025-11-05 20:07:24', '2025-11-05 20:07:24'),
	(73, 11, 83, 0.3467, 13.40, 'interrogante', NULL, NULL, 17.3333, 67.0000, 0.5200, '2025-11-05 20:07:24', '2025-11-05 20:07:24'),
	(74, 11, 84, 0.6000, 15.60, 'interrogante', NULL, NULL, 30.0000, 78.0000, 1.5000, '2025-11-05 20:08:15', '2025-11-05 20:08:15'),
	(75, 11, 85, 0.7083, 10.57, 'interrogante', NULL, NULL, 35.4167, 52.8333, 0.8500, '2025-11-05 20:08:15', '2025-11-05 20:08:15'),
	(76, 11, 86, 0.3467, 13.27, 'interrogante', NULL, NULL, 17.3333, 66.3333, 0.5200, '2025-11-05 20:08:15', '2025-11-05 20:08:15'),
	(77, 11, 87, 0.6000, 15.60, 'interrogante', NULL, NULL, 30.0000, 78.0000, 1.5000, '2025-11-05 20:09:52', '2025-11-05 20:09:52'),
	(78, 11, 88, 0.7083, 10.57, 'interrogante', NULL, NULL, 35.4167, 52.8333, 0.8500, '2025-11-05 20:09:52', '2025-11-05 20:09:52'),
	(79, 11, 89, 0.3467, 13.27, 'interrogante', NULL, NULL, 17.3333, 66.3333, 0.5200, '2025-11-05 20:09:52', '2025-11-05 20:09:52'),
	(80, 11, 90, 1.0169, 13.00, 'estrella', NULL, NULL, 50.8462, 65.0000, 0.5000, '2025-11-05 20:09:52', '2025-11-05 20:09:52'),
	(81, 11, 91, 0.6000, 15.60, 'interrogante', NULL, NULL, 30.0000, 78.0000, 1.5000, '2025-11-05 20:18:12', '2025-11-05 20:18:12'),
	(82, 11, 92, 0.7083, 10.57, 'interrogante', NULL, NULL, 35.4167, 52.8333, 0.8500, '2025-11-05 20:18:12', '2025-11-05 20:18:12'),
	(83, 11, 93, 0.3467, 13.27, 'interrogante', NULL, NULL, 17.3333, 66.3333, 0.5200, '2025-11-05 20:18:12', '2025-11-05 20:18:12'),
	(84, 11, 94, 1.0169, 13.00, 'estrella', NULL, NULL, 50.8462, 65.0000, 0.5000, '2025-11-05 20:18:12', '2025-11-05 20:18:12'),
	(85, 12, 95, 0.6000, 16.90, 'interrogante', NULL, NULL, 30.0000, 84.5000, 1.5000, '2025-11-06 22:34:40', '2025-11-06 22:34:40'),
	(86, 12, 96, 0.7083, 9.35, 'perro', NULL, NULL, 35.4167, 46.7500, 0.8500, '2025-11-06 22:34:40', '2025-11-06 22:34:40'),
	(87, 12, 97, 0.3467, 13.40, 'interrogante', NULL, NULL, 17.3333, 67.0000, 0.5200, '2025-11-06 22:34:40', '2025-11-06 22:34:40'),
	(88, 12, 98, 0.6000, 16.90, 'interrogante', NULL, NULL, 30.0000, 84.5000, 1.5000, '2025-11-19 06:03:43', '2025-11-19 06:03:43'),
	(89, 12, 99, 0.7083, 9.35, 'perro', NULL, NULL, 35.4167, 46.7500, 0.8500, '2025-11-19 06:03:43', '2025-11-19 06:03:43'),
	(90, 12, 100, 0.3467, 13.40, 'interrogante', NULL, NULL, 17.3333, 67.0000, 0.5200, '2025-11-19 06:03:43', '2025-11-19 06:03:43'),
	(91, 12, 101, 0.6000, 16.90, 'interrogante', NULL, NULL, 30.0000, 84.5000, 1.5000, '2025-11-19 06:18:36', '2025-11-19 06:18:36'),
	(92, 12, 102, 0.7083, 9.35, 'perro', NULL, NULL, 35.4167, 46.7500, 0.8500, '2025-11-19 06:18:36', '2025-11-19 06:18:36'),
	(93, 12, 103, 0.3467, 13.40, 'interrogante', NULL, NULL, 17.3333, 67.0000, 0.5200, '2025-11-19 06:18:36', '2025-11-19 06:18:36'),
	(94, 12, 104, 0.6000, 16.90, 'interrogante', NULL, NULL, 30.0000, 84.5000, 1.5000, '2025-11-19 06:20:31', '2025-11-19 06:20:31'),
	(95, 12, 105, 0.7083, 9.35, 'perro', NULL, NULL, 35.4167, 46.7500, 0.8500, '2025-11-19 06:20:31', '2025-11-19 06:20:31'),
	(96, 12, 106, 0.3467, 13.40, 'interrogante', NULL, NULL, 17.3333, 67.0000, 0.5200, '2025-11-19 06:20:31', '2025-11-19 06:20:31'),
	(97, 13, 107, 0.6000, 16.90, 'interrogante', NULL, NULL, 30.0000, 84.5000, 1.5000, '2025-11-19 14:23:47', '2025-11-19 14:23:47'),
	(98, 13, 108, 0.7083, 9.35, 'perro', NULL, NULL, 35.4167, 46.7500, 0.8500, '2025-11-19 14:23:47', '2025-11-19 14:23:47'),
	(99, 13, 109, 0.3467, 13.40, 'interrogante', NULL, NULL, 17.3333, 67.0000, 0.5200, '2025-11-19 14:23:47', '2025-11-19 14:23:47'),
	(100, 14, 110, 0.6000, 16.90, 'interrogante', NULL, NULL, 30.0000, 84.5000, 1.5000, '2025-11-19 20:17:24', '2025-11-19 20:17:24'),
	(101, 14, 111, 0.7083, 9.35, 'perro', NULL, NULL, 35.4167, 46.7500, 0.8500, '2025-11-19 20:17:24', '2025-11-19 20:17:24'),
	(102, 14, 112, 0.3467, 13.40, 'interrogante', NULL, NULL, 17.3333, 67.0000, 0.5200, '2025-11-19 20:17:24', '2025-11-19 20:17:24');

-- Volcando datos para la tabla planmaster.project_bcg_products: ~19 rows (aproximadamente)
INSERT INTO `project_bcg_products` (`id`, `project_id`, `product_name`, `sales_forecast`, `sales_percentage`, `tcm_calculated`, `prm_calculated`, `bcg_quadrant`, `bcg_position_x`, `bcg_position_y`, `product_order`, `is_active`, `created_at`, `updated_at`) VALUES
	(4, 10, 'Smartphone Pro', 15000.00, 52.00, 0.00, 0.00, NULL, 0.0000, 0.0000, 1, 1, '2025-10-30 01:26:01', '2025-10-30 01:26:01'),
	(5, 10, 'Laptop Gaming', 8500.00, 29.00, 0.00, 0.00, NULL, 0.0000, 0.0000, 2, 1, '2025-10-30 01:26:01', '2025-10-30 01:26:01'),
	(6, 10, 'Tablet Ultra', 5200.00, 18.00, 0.00, 0.00, NULL, 0.0000, 0.0000, 3, 1, '2025-10-30 01:26:01', '2025-10-30 01:26:01'),
	(54, 7, 'Smartphone Pro', 15000.00, 52.00, 16.90, 0.60, 'interrogante', 0.0000, 0.0000, 1, 1, '2025-11-05 17:55:30', '2025-11-05 17:55:30'),
	(55, 7, 'Laptop Gaming', 8500.00, 29.00, 9.35, 0.71, 'perro', 0.0000, 0.0000, 2, 1, '2025-11-05 17:55:30', '2025-11-05 17:55:30'),
	(56, 7, 'Tablet Ultra', 5200.00, 18.00, 13.40, 0.35, 'interrogante', 0.0000, 0.0000, 3, 1, '2025-11-05 17:55:30', '2025-11-05 17:55:30'),
	(91, 11, 'Smartphone Pro', 15000.00, 49.00, 15.60, 0.60, 'interrogante', 0.0000, 0.0000, 1, 1, '2025-11-05 20:18:12', '2025-11-05 20:18:12'),
	(92, 11, 'Laptop Gaming', 8500.00, 28.00, 10.57, 0.71, 'interrogante', 0.0000, 0.0000, 2, 1, '2025-11-05 20:18:12', '2025-11-05 20:18:12'),
	(93, 11, 'Tablet Ultra', 5200.00, 17.00, 13.27, 0.35, 'interrogante', 0.0000, 0.0000, 3, 1, '2025-11-05 20:18:12', '2025-11-05 20:18:12'),
	(94, 11, 'Feeeee', 1322.00, 4.00, 13.00, 1.02, 'estrella', 0.0000, 0.0000, 4, 1, '2025-11-05 20:18:12', '2025-11-05 20:18:12'),
	(104, 12, 'Smartphone Pro', 15000.00, 52.00, 16.90, 0.60, 'interrogante', 0.0000, 0.0000, 1, 1, '2025-11-19 06:20:31', '2025-11-19 06:20:31'),
	(105, 12, 'Laptop Gaming', 8500.00, 29.00, 9.35, 0.71, 'perro', 0.0000, 0.0000, 2, 1, '2025-11-19 06:20:31', '2025-11-19 06:20:31'),
	(106, 12, 'Tablet Ultra', 5200.00, 18.00, 13.40, 0.35, 'interrogante', 0.0000, 0.0000, 3, 1, '2025-11-19 06:20:31', '2025-11-19 06:20:31'),
	(107, 13, 'Smartphone Pro', 15000.00, 52.00, 16.90, 0.60, 'interrogante', 0.0000, 0.0000, 1, 1, '2025-11-19 14:23:47', '2025-11-19 14:23:47'),
	(108, 13, 'Laptop Gaming', 8500.00, 29.00, 9.35, 0.71, 'perro', 0.0000, 0.0000, 2, 1, '2025-11-19 14:23:47', '2025-11-19 14:23:47'),
	(109, 13, 'Tablet Ultra', 5200.00, 18.00, 13.40, 0.35, 'interrogante', 0.0000, 0.0000, 3, 1, '2025-11-19 14:23:47', '2025-11-19 14:23:47'),
	(110, 14, 'Smartphone Pro', 15000.00, 52.00, 16.90, 0.60, 'interrogante', 0.0000, 0.0000, 1, 1, '2025-11-19 20:17:24', '2025-11-19 20:17:24'),
	(111, 14, 'Laptop Gaming', 8500.00, 29.00, 9.35, 0.71, 'perro', 0.0000, 0.0000, 2, 1, '2025-11-19 20:17:24', '2025-11-19 20:17:24'),
	(112, 14, 'Tablet Ultra', 5200.00, 18.00, 13.40, 0.35, 'interrogante', 0.0000, 0.0000, 3, 1, '2025-11-19 20:17:24', '2025-11-19 20:17:24');

-- Volcando datos para la tabla planmaster.project_bcg_sector_demand: ~33 rows (aproximadamente)
INSERT INTO `project_bcg_sector_demand` (`id`, `project_id`, `product_id`, `demand_year`, `total_sector_demand`, `company_participation`, `participation_percentage`, `market_share_notes`, `created_at`, `updated_at`) VALUES
	(80, 7, 54, 2025, 13.80, 1.38, 10.00, NULL, '2025-11-05 17:55:30', '2025-11-05 20:06:37'),
	(81, 7, 55, 2025, 9.10, 0.91, 10.00, NULL, '2025-11-05 17:55:30', '2025-11-05 20:06:37'),
	(82, 7, 56, 2025, 17.30, 1.73, 10.00, NULL, '2025-11-05 17:55:30', '2025-11-05 20:06:37'),
	(134, 11, 91, 2023, 13.00, 1.30, 10.00, NULL, '2025-11-05 20:18:12', '2025-11-05 20:18:12'),
	(135, 11, 92, 2023, 13.00, 1.30, 10.00, NULL, '2025-11-05 20:18:12', '2025-11-05 20:18:12'),
	(136, 11, 93, 2023, 13.00, 1.30, 10.00, NULL, '2025-11-05 20:18:12', '2025-11-05 20:18:12'),
	(137, 11, 94, 2023, 13.00, 1.30, 10.00, NULL, '2025-11-05 20:18:12', '2025-11-05 20:18:12'),
	(138, 11, 91, 2024, 12.50, 1.25, 10.00, NULL, '2025-11-05 20:18:12', '2025-11-05 20:18:12'),
	(139, 11, 92, 2024, 8.30, 0.83, 10.00, NULL, '2025-11-05 20:18:12', '2025-11-05 20:18:12'),
	(140, 11, 93, 2024, 15.70, 1.57, 10.00, NULL, '2025-11-05 20:18:12', '2025-11-05 20:18:12'),
	(141, 11, 94, 2024, 13.00, 1.30, 10.00, NULL, '2025-11-05 20:18:12', '2025-11-05 20:18:12'),
	(142, 11, 91, 2025, 18.20, 1.82, 10.00, NULL, '2025-11-05 20:18:12', '2025-11-05 20:18:12'),
	(143, 11, 92, 2025, 12.10, 1.21, 10.00, NULL, '2025-11-05 20:18:12', '2025-11-05 20:18:12'),
	(144, 11, 93, 2025, 22.40, 2.24, 10.00, NULL, '2025-11-05 20:18:12', '2025-11-05 20:18:12'),
	(145, 11, 94, 2025, 13.00, 1.30, 10.00, NULL, '2025-11-05 20:18:12', '2025-11-05 20:18:12'),
	(164, 12, 104, 2024, 12.50, 1.25, 10.00, NULL, '2025-11-19 06:20:31', '2025-11-19 06:20:31'),
	(165, 12, 105, 2024, 8.30, 0.83, 10.00, NULL, '2025-11-19 06:20:31', '2025-11-19 06:20:31'),
	(166, 12, 106, 2024, 15.70, 1.57, 10.00, NULL, '2025-11-19 06:20:31', '2025-11-19 06:20:31'),
	(167, 12, 104, 2025, 18.20, 1.82, 10.00, NULL, '2025-11-19 06:20:31', '2025-11-19 06:20:31'),
	(168, 12, 105, 2025, 12.10, 1.21, 10.00, NULL, '2025-11-19 06:20:31', '2025-11-19 06:20:31'),
	(169, 12, 106, 2025, 22.40, 2.24, 10.00, NULL, '2025-11-19 06:20:31', '2025-11-19 06:20:31'),
	(170, 13, 107, 2024, 12.50, 1.25, 10.00, NULL, '2025-11-19 14:23:47', '2025-11-19 14:23:47'),
	(171, 13, 108, 2024, 8.30, 0.83, 10.00, NULL, '2025-11-19 14:23:47', '2025-11-19 14:23:47'),
	(172, 13, 109, 2024, 15.70, 1.57, 10.00, NULL, '2025-11-19 14:23:47', '2025-11-19 14:23:47'),
	(173, 13, 107, 2025, 18.20, 1.82, 10.00, NULL, '2025-11-19 14:23:47', '2025-11-19 14:23:47'),
	(174, 13, 108, 2025, 12.10, 1.21, 10.00, NULL, '2025-11-19 14:23:47', '2025-11-19 14:23:47'),
	(175, 13, 109, 2025, 22.40, 2.24, 10.00, NULL, '2025-11-19 14:23:47', '2025-11-19 14:23:47'),
	(176, 14, 110, 2024, 12.50, 1.25, 10.00, NULL, '2025-11-19 20:17:24', '2025-11-19 20:17:24'),
	(177, 14, 111, 2024, 8.30, 0.83, 10.00, NULL, '2025-11-19 20:17:24', '2025-11-19 20:17:24'),
	(178, 14, 112, 2024, 15.70, 1.57, 10.00, NULL, '2025-11-19 20:17:24', '2025-11-19 20:17:24'),
	(179, 14, 110, 2025, 18.20, 1.82, 10.00, NULL, '2025-11-19 20:17:24', '2025-11-19 20:17:24'),
	(180, 14, 111, 2025, 12.10, 1.21, 10.00, NULL, '2025-11-19 20:17:24', '2025-11-19 20:17:24'),
	(181, 14, 112, 2025, 22.40, 2.24, 10.00, NULL, '2025-11-19 20:17:24', '2025-11-19 20:17:24');

-- Volcando datos para la tabla planmaster.project_came_matrix: ~21 rows (aproximadamente)
INSERT INTO `project_came_matrix` (`id`, `project_id`, `action_type`, `action_number`, `action_text`, `created_at`, `updated_at`) VALUES
	(1, 12, 'A', 1, 'Afrontare con valor', '2025-11-19 08:31:19', '2025-11-19 08:31:30'),
	(2, 12, 'A', 2, 'Afrontare con mucha fe', '2025-11-19 08:31:30', '2025-11-19 08:31:39'),
	(3, 12, 'M', 1, 'Mantendre la fortalezas que tengo en mi empresa.', '2025-11-19 08:31:39', '2025-11-19 08:32:07'),
	(4, 12, 'E', 1, 'Explorare la expansión a mercados estrategicos.', '2025-11-19 08:32:07', '2025-11-19 08:32:31'),
	(5, 12, 'C', 1, 'Corregiré las malas ventas que tengo, estoy muy mal.', '2025-11-19 08:32:31', '2025-11-19 08:32:52'),
	(6, 12, 'M', 2, 'Mantendré a mis hermosos trabajadores', '2025-11-19 08:38:41', '2025-11-19 08:39:01'),
	(7, 11, 'C', 1, 'Daaaaaaa', '2025-11-19 08:49:13', '2025-11-19 08:49:20'),
	(8, 11, 'A', 1, 'Feeeee', '2025-11-19 08:49:20', '2025-11-19 08:49:24'),
	(9, 11, 'M', 1, 'Geeee', '2025-11-19 08:49:24', '2025-11-19 08:49:27'),
	(10, 11, 'M', 2, 'Guuuuu', '2025-11-19 08:49:27', '2025-11-19 08:49:31'),
	(11, 11, 'E', 1, 'Hoooo', '2025-11-19 08:49:31', '2025-11-19 08:49:34'),
	(12, 11, 'E', 2, 'Haaaa', '2025-11-19 08:49:34', '2025-11-19 08:49:38'),
	(13, 13, 'C', 1, 'Corregir a mis empleados, para que reciban sus aleccionamientos de manera grave.', '2025-11-19 14:33:55', '2025-11-19 14:34:15'),
	(14, 13, 'A', 1, 'Afrontar a mis competidores sacando pecho por el equipo', '2025-11-19 14:34:17', '2025-11-19 14:34:31'),
	(15, 13, 'A', 2, 'Afrontar las amenazas del día del hombre', '2025-11-19 14:34:31', '2025-11-19 14:34:44'),
	(16, 13, 'M', 1, 'Mantener las fuerzas de mis trabajadores', '2025-11-19 14:34:44', '2025-11-19 14:34:53'),
	(17, 13, 'E', 1, 'Explotar las oportunidades y a los trabajadores', '2025-11-19 14:34:53', '2025-11-19 14:35:08'),
	(18, 14, 'C', 1, 'Debemos enfocarnos en el cariño de los trabajdores', '2025-11-19 20:21:03', '2025-11-19 20:21:16'),
	(19, 14, 'A', 1, 'Debemos ser atacantes con las subidas de precios de mercado, estar preparados.', '2025-11-19 20:21:16', '2025-11-19 20:21:36'),
	(20, 14, 'M', 1, 'Aumentar sueldo a nuestros trabajadores.', '2025-11-19 20:21:36', '2025-11-19 20:21:50'),
	(21, 14, 'E', 1, 'Explotar nuestra fuerte venta de celulares, a su máxima expresión.', '2025-11-19 20:21:52', '2025-11-19 20:22:13');

-- Volcando datos para la tabla planmaster.project_foda_analysis: ~64 rows (aproximadamente)
INSERT INTO `project_foda_analysis` (`id`, `project_id`, `type`, `item_text`, `item_order`, `created_at`, `updated_at`) VALUES
	(83, 8, 'fortaleza', 'ASSDADSAD', 1, '2025-10-23 23:12:36', '2025-10-23 23:12:36'),
	(84, 8, 'fortaleza', 'ASDASD', 2, '2025-10-23 23:12:36', '2025-10-23 23:12:36'),
	(85, 8, 'fortaleza', 'ASDADSAD', 3, '2025-10-23 23:12:36', '2025-10-23 23:12:36'),
	(86, 8, 'debilidad', 'ADAD', 1, '2025-10-23 23:12:36', '2025-10-23 23:12:36'),
	(87, 8, 'debilidad', 'ASDAD', 2, '2025-10-23 23:12:36', '2025-10-23 23:12:36'),
	(88, 8, 'debilidad', 'ASDASDAD', 3, '2025-10-23 23:12:36', '2025-10-23 23:12:36'),
	(95, 10, 'fortaleza', 'Marca reconocida en el mercado', 1, '2025-10-30 01:26:01', '2025-10-30 01:26:01'),
	(96, 10, 'fortaleza', 'Equipo técnico altamente capacitado', 2, '2025-10-30 01:26:01', '2025-10-30 01:26:01'),
	(97, 10, 'fortaleza', 'Red de distribución consolidada', 3, '2025-10-30 01:26:01', '2025-10-30 01:26:01'),
	(98, 10, 'debilidad', 'Altos costos de producción', 1, '2025-10-30 01:26:01', '2025-10-30 01:26:01'),
	(99, 10, 'debilidad', 'Dependencia de proveedores externos', 2, '2025-10-30 01:26:01', '2025-10-30 01:26:01'),
	(100, 10, 'debilidad', 'Limitada presencia digital', 3, '2025-10-30 01:26:01', '2025-10-30 01:26:01'),
	(202, 7, 'fortaleza', 'Marca reconocida en el mercado', 1, '2025-11-05 17:55:30', '2025-11-05 17:55:30'),
	(203, 7, 'fortaleza', 'Equipo técnico altamente capacitado', 2, '2025-11-05 17:55:30', '2025-11-05 17:55:30'),
	(204, 7, 'fortaleza', 'Red de distribución consolidada', 3, '2025-11-05 17:55:30', '2025-11-05 17:55:30'),
	(205, 7, 'debilidad', 'Altos costos de producción', 1, '2025-11-05 17:55:30', '2025-11-05 17:55:30'),
	(206, 7, 'debilidad', 'Dependencia de proveedores externos', 2, '2025-11-05 17:55:30', '2025-11-05 17:55:30'),
	(207, 7, 'debilidad', 'Limitada presencia digital', 3, '2025-11-05 17:55:30', '2025-11-05 17:55:30'),
	(208, 7, 'debilidad', 'gaaaa', 4, '2025-11-05 17:55:30', '2025-11-05 17:55:30'),
	(295, 11, 'fortaleza', 'Marca reconocida en el mercado', 1, '2025-11-05 20:18:25', '2025-11-05 20:18:25'),
	(296, 11, 'fortaleza', 'Equipo técnico altamente capacitado', 2, '2025-11-05 20:18:25', '2025-11-05 20:18:25'),
	(297, 11, 'fortaleza', 'Red de distribución consolidada', 3, '2025-11-05 20:18:25', '2025-11-05 20:18:25'),
	(298, 11, 'debilidad', 'Altos costos de producción', 1, '2025-11-05 20:18:25', '2025-11-05 20:18:25'),
	(299, 11, 'debilidad', 'Dependencia de proveedores externos', 2, '2025-11-05 20:18:25', '2025-11-05 20:18:25'),
	(300, 11, 'debilidad', 'Limitada presencia digital', 3, '2025-11-05 20:18:25', '2025-11-05 20:18:25'),
	(301, 11, 'debilidad', 'Gaaaa', 4, '2025-11-05 20:18:25', '2025-11-05 20:18:25'),
	(386, 12, 'oportunidad', 'Oportunidad 001', 1, '2025-11-19 06:19:57', '2025-11-19 07:48:46'),
	(387, 12, 'oportunidad', 'Oportunidad 002', 2, '2025-11-19 06:19:57', '2025-11-19 07:48:50'),
	(388, 12, 'oportunidad', 'Oportunidad 003', 3, '2025-11-19 06:19:57', '2025-11-19 07:48:52'),
	(389, 12, 'oportunidad', 'Oportunidad 004', 4, '2025-11-19 06:19:57', '2025-11-19 07:48:53'),
	(390, 12, 'amenaza', 'Amenaza 001', 1, '2025-11-19 06:19:57', '2025-11-19 07:48:55'),
	(391, 12, 'amenaza', 'Amenaza 002', 2, '2025-11-19 06:19:57', '2025-11-19 07:48:56'),
	(392, 12, 'amenaza', 'Amenaza 003', 3, '2025-11-19 06:19:57', '2025-11-19 07:48:57'),
	(393, 12, 'fortaleza', 'Fortaleza 001', 1, '2025-11-19 06:20:31', '2025-11-19 07:48:58'),
	(394, 12, 'fortaleza', 'Fortalezaz 003', 2, '2025-11-19 06:20:31', '2025-11-19 07:49:00'),
	(395, 12, 'fortaleza', 'Fortaleza 004', 3, '2025-11-19 06:20:31', '2025-11-19 07:49:02'),
	(396, 12, 'debilidad', 'Debilidad 002', 1, '2025-11-19 06:20:31', '2025-11-19 07:49:03'),
	(397, 12, 'debilidad', 'Debilidad 005', 2, '2025-11-19 06:20:31', '2025-11-19 07:49:05'),
	(398, 12, 'debilidad', 'Debilidad 007', 3, '2025-11-19 06:20:31', '2025-11-19 07:49:07'),
	(401, 11, 'oportunidad', 'Weeeeee', 1, '2025-11-19 08:47:55', '2025-11-19 08:47:55'),
	(402, 11, 'oportunidad', 'Wiiiiiiiiiiiii', 2, '2025-11-19 08:47:55', '2025-11-19 08:47:55'),
	(403, 11, 'amenaza', 'Waaaaa', 1, '2025-11-19 08:47:55', '2025-11-19 08:47:55'),
	(404, 11, 'amenaza', 'Wooooooooooo', 2, '2025-11-19 08:47:55', '2025-11-19 08:47:55'),
	(408, 13, 'fortaleza', 'Marca reconocida en el mercado', 1, '2025-11-19 14:23:47', '2025-11-19 14:23:47'),
	(409, 13, 'fortaleza', 'Equipo técnico altamente capacitado', 2, '2025-11-19 14:23:47', '2025-11-19 14:23:47'),
	(410, 13, 'fortaleza', 'Red de distribución consolidada', 3, '2025-11-19 14:23:47', '2025-11-19 14:23:47'),
	(411, 13, 'debilidad', 'Altos costos de producción', 1, '2025-11-19 14:23:47', '2025-11-19 14:23:47'),
	(412, 13, 'debilidad', 'Dependencia de proveedores externos', 2, '2025-11-19 14:23:47', '2025-11-19 14:23:47'),
	(413, 13, 'debilidad', 'Limitada presencia digital', 3, '2025-11-19 14:23:47', '2025-11-19 14:23:47'),
	(418, 13, 'oportunidad', 'Oportunidad de prueba 01', 1, '2025-11-19 14:30:28', '2025-11-19 14:30:28'),
	(419, 13, 'oportunidad', 'Oportunidad de prueba 02', 2, '2025-11-19 14:30:28', '2025-11-19 14:30:28'),
	(420, 13, 'oportunidad', 'Oportunidad de prueba 03', 3, '2025-11-19 14:30:28', '2025-11-19 14:30:28'),
	(421, 13, 'amenaza', 'Amenaza de prueba 02', 1, '2025-11-19 14:30:28', '2025-11-19 14:30:28'),
	(422, 13, 'amenaza', 'Amenaza de prueba 01', 2, '2025-11-19 14:30:28', '2025-11-19 14:30:28'),
	(425, 14, 'fortaleza', 'Marca reconocida en el mercado', 1, '2025-11-19 20:17:24', '2025-11-19 20:17:24'),
	(426, 14, 'fortaleza', 'Equipo técnico altamente capacitado', 2, '2025-11-19 20:17:24', '2025-11-19 20:17:24'),
	(427, 14, 'fortaleza', 'Red de distribución consolidada', 3, '2025-11-19 20:17:24', '2025-11-19 20:17:24'),
	(428, 14, 'debilidad', 'Altos costos de producción', 1, '2025-11-19 20:17:24', '2025-11-19 20:17:24'),
	(429, 14, 'debilidad', 'Dependencia de proveedores externos', 2, '2025-11-19 20:17:24', '2025-11-19 20:17:24'),
	(430, 14, 'debilidad', 'Limitada presencia digital', 3, '2025-11-19 20:17:24', '2025-11-19 20:17:24'),
	(434, 14, 'oportunidad', 'Vamos a aumentar en ventas de máximas prioridades en celulares.', 1, '2025-11-19 20:19:42', '2025-11-19 20:19:42'),
	(435, 14, 'oportunidad', 'Tenemos un equipo alto y poderoso, y hay que valorarlo', 2, '2025-11-19 20:19:42', '2025-11-19 20:19:42'),
	(436, 14, 'amenaza', 'Tenemos fuertes ataques de otras empresas con ofertas agresivas', 1, '2025-11-19 20:19:42', '2025-11-19 20:19:42'),
	(437, 14, 'amenaza', 'Tenemos problemas con la fuente de información tecnologica.', 2, '2025-11-19 20:19:42', '2025-11-19 20:19:42');

-- Volcando datos para la tabla planmaster.project_mission: ~8 rows (aproximadamente)
INSERT INTO `project_mission` (`id`, `project_id`, `mission_text`, `is_completed`, `created_at`, `updated_at`) VALUES
	(1, 2, 'Somos una empresa encargada de la superación de paginas web', 1, '2025-09-18 00:09:59', '2025-09-18 00:09:59'),
	(2, 5, 'fsfsf', 1, '2025-09-18 18:45:44', '2025-09-18 18:45:44'),
	(3, 6, 'Somos una empresa encargada de superación de un platillo típico de las noches turbias de examenes universitario, exactamente, las salchipapas', 1, '2025-09-18 18:48:02', '2025-09-18 18:48:02'),
	(4, 8, 'ggggggggggggggggggggggggggggggggggggggggggggggggggggggggggggggggggggggggggggggggsssssssssssssssssssssssssssssssssssss', 1, '2025-10-01 22:24:04', '2025-10-01 22:24:04'),
	(5, 9, 'habhdhabdhabhdbandnman ajbdbahbdahbdhasd  ahbdhjabdhba', 1, '2025-10-23 23:07:04', '2025-10-23 23:07:04'),
	(6, 11, 'Mision de la empresa es ofrecer productos farmaceuticos de primera calidad para las personas de la ciudad de Tacnaaaa', 1, '2025-11-05 16:52:05', '2025-11-06 17:52:24'),
	(7, 12, 'La fe y Esperanza tiene la misión de dar y otorgar fe y esperanza a todo el pueblo peruano.', 1, '2025-11-06 19:01:58', '2025-11-07 00:07:55'),
	(8, 13, 'Misión de la empresa es testear esta aplicación para ver la funcionalidad al 100%', 1, '2025-11-19 14:20:40', '2025-11-19 14:20:40'),
	(9, 14, 'Misión de la empresa es promover la confiabilidad, calidad y originalidad a nuestros productos tecnologicos.', 1, '2025-11-19 20:13:19', '2025-11-19 20:13:19');

-- Volcando datos para la tabla planmaster.project_pest_analysis: ~100 rows (aproximadamente)
INSERT INTO `project_pest_analysis` (`id`, `project_id`, `question_number`, `rating`, `created_at`, `updated_at`) VALUES
	(1, 11, 1, 4, '2025-11-06 01:59:53', '2025-11-06 01:59:53'),
	(2, 11, 2, 4, '2025-11-06 01:59:53', '2025-11-06 01:59:53'),
	(3, 11, 3, 0, '2025-11-06 01:59:53', '2025-11-06 01:59:53'),
	(4, 11, 4, 4, '2025-11-06 01:59:53', '2025-11-06 01:59:53'),
	(5, 11, 5, 4, '2025-11-06 01:59:53', '2025-11-06 01:59:53'),
	(6, 11, 6, 4, '2025-11-06 01:59:53', '2025-11-06 01:59:53'),
	(7, 11, 7, 0, '2025-11-06 01:59:53', '2025-11-06 01:59:53'),
	(8, 11, 8, 1, '2025-11-06 01:59:53', '2025-11-06 01:59:53'),
	(9, 11, 9, 1, '2025-11-06 01:59:53', '2025-11-06 01:59:53'),
	(10, 11, 10, 4, '2025-11-06 01:59:53', '2025-11-06 01:59:53'),
	(11, 11, 11, 4, '2025-11-06 01:59:53', '2025-11-06 01:59:53'),
	(12, 11, 12, 1, '2025-11-06 01:59:53', '2025-11-06 01:59:53'),
	(13, 11, 13, 2, '2025-11-06 01:59:53', '2025-11-06 01:59:53'),
	(14, 11, 14, 2, '2025-11-06 01:59:53', '2025-11-06 01:59:53'),
	(15, 11, 15, 2, '2025-11-06 01:59:53', '2025-11-06 01:59:53'),
	(16, 11, 16, 2, '2025-11-06 01:59:53', '2025-11-06 01:59:53'),
	(17, 11, 17, 2, '2025-11-06 01:59:53', '2025-11-06 01:59:53'),
	(18, 11, 18, 2, '2025-11-06 01:59:53', '2025-11-06 01:59:53'),
	(19, 11, 19, 2, '2025-11-06 01:59:53', '2025-11-06 01:59:53'),
	(20, 11, 20, 2, '2025-11-06 01:59:53', '2025-11-06 01:59:53'),
	(21, 11, 21, 3, '2025-11-06 01:59:53', '2025-11-06 01:59:53'),
	(22, 11, 22, 4, '2025-11-06 01:59:53', '2025-11-06 01:59:53'),
	(23, 11, 23, 4, '2025-11-06 01:59:53', '2025-11-06 01:59:53'),
	(24, 11, 24, 4, '2025-11-06 01:59:53', '2025-11-06 01:59:53'),
	(25, 11, 25, 4, '2025-11-06 01:59:53', '2025-11-06 01:59:53'),
	(51, 12, 1, 2, '2025-11-06 23:55:02', '2025-11-06 23:55:02'),
	(52, 12, 2, 1, '2025-11-06 23:55:02', '2025-11-06 23:55:02'),
	(53, 12, 3, 2, '2025-11-06 23:55:02', '2025-11-06 23:55:02'),
	(54, 12, 4, 3, '2025-11-06 23:55:02', '2025-11-06 23:55:02'),
	(55, 12, 5, 4, '2025-11-06 23:55:02', '2025-11-06 23:55:02'),
	(56, 12, 6, 3, '2025-11-06 23:55:02', '2025-11-06 23:55:02'),
	(57, 12, 7, 2, '2025-11-06 23:55:02', '2025-11-06 23:55:02'),
	(58, 12, 8, 1, '2025-11-06 23:55:02', '2025-11-06 23:55:02'),
	(59, 12, 9, 1, '2025-11-06 23:55:02', '2025-11-06 23:55:02'),
	(60, 12, 10, 1, '2025-11-06 23:55:02', '2025-11-06 23:55:02'),
	(61, 12, 11, 2, '2025-11-06 23:55:02', '2025-11-06 23:55:02'),
	(62, 12, 12, 3, '2025-11-06 23:55:02', '2025-11-06 23:55:02'),
	(63, 12, 13, 4, '2025-11-06 23:55:02', '2025-11-06 23:55:02'),
	(64, 12, 14, 1, '2025-11-06 23:55:02', '2025-11-06 23:55:02'),
	(65, 12, 15, 2, '2025-11-06 23:55:02', '2025-11-06 23:55:02'),
	(66, 12, 16, 2, '2025-11-06 23:55:02', '2025-11-06 23:55:02'),
	(67, 12, 17, 2, '2025-11-06 23:55:02', '2025-11-06 23:55:02'),
	(68, 12, 18, 2, '2025-11-06 23:55:02', '2025-11-06 23:55:02'),
	(69, 12, 19, 2, '2025-11-06 23:55:02', '2025-11-06 23:55:02'),
	(70, 12, 20, 1, '2025-11-06 23:55:02', '2025-11-06 23:55:02'),
	(71, 12, 21, 1, '2025-11-06 23:55:02', '2025-11-06 23:55:02'),
	(72, 12, 22, 3, '2025-11-06 23:55:02', '2025-11-06 23:55:02'),
	(73, 12, 23, 4, '2025-11-06 23:55:02', '2025-11-06 23:55:02'),
	(74, 12, 24, 1, '2025-11-06 23:55:02', '2025-11-06 23:55:02'),
	(75, 12, 25, 2, '2025-11-06 23:55:02', '2025-11-06 23:55:02'),
	(76, 13, 1, 0, '2025-11-19 14:30:15', '2025-11-19 14:30:15'),
	(77, 13, 2, 1, '2025-11-19 14:30:15', '2025-11-19 14:30:15'),
	(78, 13, 3, 2, '2025-11-19 14:30:15', '2025-11-19 14:30:15'),
	(79, 13, 4, 3, '2025-11-19 14:30:15', '2025-11-19 14:30:15'),
	(80, 13, 5, 4, '2025-11-19 14:30:15', '2025-11-19 14:30:15'),
	(81, 13, 6, 3, '2025-11-19 14:30:15', '2025-11-19 14:30:15'),
	(82, 13, 7, 2, '2025-11-19 14:30:15', '2025-11-19 14:30:15'),
	(83, 13, 8, 1, '2025-11-19 14:30:15', '2025-11-19 14:30:15'),
	(84, 13, 9, 0, '2025-11-19 14:30:15', '2025-11-19 14:30:15'),
	(85, 13, 10, 1, '2025-11-19 14:30:15', '2025-11-19 14:30:15'),
	(86, 13, 11, 2, '2025-11-19 14:30:15', '2025-11-19 14:30:15'),
	(87, 13, 12, 3, '2025-11-19 14:30:15', '2025-11-19 14:30:15'),
	(88, 13, 13, 4, '2025-11-19 14:30:15', '2025-11-19 14:30:15'),
	(89, 13, 14, 3, '2025-11-19 14:30:15', '2025-11-19 14:30:15'),
	(90, 13, 15, 2, '2025-11-19 14:30:15', '2025-11-19 14:30:15'),
	(91, 13, 16, 1, '2025-11-19 14:30:15', '2025-11-19 14:30:15'),
	(92, 13, 17, 0, '2025-11-19 14:30:15', '2025-11-19 14:30:15'),
	(93, 13, 18, 1, '2025-11-19 14:30:15', '2025-11-19 14:30:15'),
	(94, 13, 19, 2, '2025-11-19 14:30:15', '2025-11-19 14:30:15'),
	(95, 13, 20, 3, '2025-11-19 14:30:15', '2025-11-19 14:30:15'),
	(96, 13, 21, 4, '2025-11-19 14:30:15', '2025-11-19 14:30:15'),
	(97, 13, 22, 3, '2025-11-19 14:30:15', '2025-11-19 14:30:15'),
	(98, 13, 23, 2, '2025-11-19 14:30:15', '2025-11-19 14:30:15'),
	(99, 13, 24, 1, '2025-11-19 14:30:15', '2025-11-19 14:30:15'),
	(100, 13, 25, 0, '2025-11-19 14:30:15', '2025-11-19 14:30:15'),
	(101, 14, 1, 0, '2025-11-19 20:19:16', '2025-11-19 20:19:16'),
	(102, 14, 2, 1, '2025-11-19 20:19:16', '2025-11-19 20:19:16'),
	(103, 14, 3, 2, '2025-11-19 20:19:16', '2025-11-19 20:19:16'),
	(104, 14, 4, 3, '2025-11-19 20:19:16', '2025-11-19 20:19:16'),
	(105, 14, 5, 4, '2025-11-19 20:19:16', '2025-11-19 20:19:16'),
	(106, 14, 6, 3, '2025-11-19 20:19:16', '2025-11-19 20:19:16'),
	(107, 14, 7, 2, '2025-11-19 20:19:16', '2025-11-19 20:19:16'),
	(108, 14, 8, 1, '2025-11-19 20:19:16', '2025-11-19 20:19:16'),
	(109, 14, 9, 0, '2025-11-19 20:19:16', '2025-11-19 20:19:16'),
	(110, 14, 10, 1, '2025-11-19 20:19:16', '2025-11-19 20:19:16'),
	(111, 14, 11, 2, '2025-11-19 20:19:16', '2025-11-19 20:19:16'),
	(112, 14, 12, 3, '2025-11-19 20:19:16', '2025-11-19 20:19:16'),
	(113, 14, 13, 4, '2025-11-19 20:19:16', '2025-11-19 20:19:16'),
	(114, 14, 14, 3, '2025-11-19 20:19:16', '2025-11-19 20:19:16'),
	(115, 14, 15, 2, '2025-11-19 20:19:16', '2025-11-19 20:19:16'),
	(116, 14, 16, 1, '2025-11-19 20:19:16', '2025-11-19 20:19:16'),
	(117, 14, 17, 0, '2025-11-19 20:19:16', '2025-11-19 20:19:16'),
	(118, 14, 18, 1, '2025-11-19 20:19:16', '2025-11-19 20:19:16'),
	(119, 14, 19, 2, '2025-11-19 20:19:16', '2025-11-19 20:19:16'),
	(120, 14, 20, 3, '2025-11-19 20:19:16', '2025-11-19 20:19:16'),
	(121, 14, 21, 4, '2025-11-19 20:19:16', '2025-11-19 20:19:16'),
	(122, 14, 22, 3, '2025-11-19 20:19:16', '2025-11-19 20:19:16'),
	(123, 14, 23, 2, '2025-11-19 20:19:16', '2025-11-19 20:19:16'),
	(124, 14, 24, 1, '2025-11-19 20:19:16', '2025-11-19 20:19:16'),
	(125, 14, 25, 0, '2025-11-19 20:19:16', '2025-11-19 20:19:16');

-- Volcando datos para la tabla planmaster.project_porter_analysis: ~85 rows (aproximadamente)
INSERT INTO `project_porter_analysis` (`id`, `project_id`, `factor_category`, `factor_name`, `factor_description`, `hostil_label`, `favorable_label`, `selected_value`, `factor_order`, `created_at`, `updated_at`) VALUES
	(1, 11, 'rivalidad', 'Crecimiento', NULL, 'Lento', 'Rápido', 1, 1, '2025-11-05 21:00:10', '2025-11-06 00:23:54'),
	(2, 11, 'rivalidad', 'Naturaleza de los competidores', NULL, 'Muchos', 'Pocos', 1, 2, '2025-11-05 21:00:10', '2025-11-06 00:23:54'),
	(3, 11, 'rivalidad', 'Exceso de capacidad productiva', NULL, 'Sí', 'No', 1, 3, '2025-11-05 21:00:10', '2025-11-06 00:23:54'),
	(4, 11, 'rivalidad', 'Rentabilidad media del sector', NULL, 'Baja', 'Alta', 1, 4, '2025-11-05 21:00:10', '2025-11-06 00:23:54'),
	(5, 11, 'rivalidad', 'Diferenciación del producto', NULL, 'Escasa', 'Elevada', 1, 5, '2025-11-05 21:00:10', '2025-11-06 00:23:54'),
	(6, 11, 'rivalidad', 'Barreras de salida', NULL, 'Bajas', 'Altas', 1, 6, '2025-11-05 21:00:10', '2025-11-06 00:23:54'),
	(7, 11, 'barreras_entrada', 'Economías de escala', NULL, 'No', 'Sí', 2, 1, '2025-11-05 21:00:10', '2025-11-06 00:23:54'),
	(8, 11, 'barreras_entrada', 'Necesidad de capital', NULL, 'Bajas', 'Altas', 2, 2, '2025-11-05 21:00:10', '2025-11-06 00:23:54'),
	(9, 11, 'barreras_entrada', 'Acceso a la tecnología', NULL, 'Fácil', 'Difícil', 2, 3, '2025-11-05 21:00:10', '2025-11-06 00:23:54'),
	(10, 11, 'barreras_entrada', 'Reglamentos o leyes limitativos', NULL, 'No', 'Sí', 3, 4, '2025-11-05 21:00:10', '2025-11-06 00:23:54'),
	(11, 11, 'barreras_entrada', 'Trámites burocráticos', NULL, 'No', 'Sí', 3, 5, '2025-11-05 21:00:10', '2025-11-06 00:23:54'),
	(12, 11, 'barreras_entrada', 'Reacción esperada actuales competidores', NULL, 'Escasa', 'Enérgica', 3, 6, '2025-11-05 21:00:10', '2025-11-06 00:23:54'),
	(13, 11, 'poder_clientes', 'Número de clientes', NULL, 'Pocos', 'Muchos', 4, 1, '2025-11-05 21:00:10', '2025-11-06 00:23:54'),
	(14, 11, 'poder_clientes', 'Posibilidad de integración ascendente', NULL, 'Grande', 'Pequeña', 4, 2, '2025-11-05 21:00:10', '2025-11-06 00:23:54'),
	(15, 11, 'poder_clientes', 'Rentabilidad de los clientes', NULL, 'Baja', 'Alta', 4, 3, '2025-11-05 21:00:10', '2025-11-06 00:23:54'),
	(16, 11, 'poder_clientes', 'Coste de cambio de proveedor para cliente', NULL, 'Bajo', 'Alto', 5, 4, '2025-11-05 21:00:10', '2025-11-06 00:23:54'),
	(17, 11, 'productos_sustitutivos', 'Disponibilidad de Productos Sustitutivos', NULL, 'Grande', 'Pequeña', 5, 1, '2025-11-05 21:00:10', '2025-11-06 00:23:54'),
	(90, 7, 'rivalidad', 'Crecimiento', NULL, 'Lento', 'Rápido', 1, 1, '2025-11-05 23:05:51', '2025-11-05 23:54:06'),
	(91, 7, 'rivalidad', 'Naturaleza de los competidores', NULL, 'Muchos', 'Pocos', 2, 2, '2025-11-05 23:05:51', '2025-11-05 23:54:06'),
	(92, 7, 'rivalidad', 'Exceso de capacidad productiva', NULL, 'Sí', 'No', 3, 3, '2025-11-05 23:05:51', '2025-11-05 23:54:06'),
	(93, 7, 'rivalidad', 'Rentabilidad media del sector', NULL, 'Baja', 'Alta', 4, 4, '2025-11-05 23:05:51', '2025-11-05 23:54:06'),
	(94, 7, 'rivalidad', 'Diferenciación del producto', NULL, 'Escasa', 'Elevada', 5, 5, '2025-11-05 23:05:51', '2025-11-05 23:54:06'),
	(95, 7, 'rivalidad', 'Barreras de salida', NULL, 'Bajas', 'Altas', 4, 6, '2025-11-05 23:05:51', '2025-11-05 23:54:06'),
	(96, 7, 'barreras_entrada', 'Economías de escala', NULL, 'No', 'Sí', 3, 1, '2025-11-05 23:05:51', '2025-11-05 23:05:51'),
	(97, 7, 'barreras_entrada', 'Necesidad de capital', NULL, 'Bajas', 'Altas', 3, 2, '2025-11-05 23:05:51', '2025-11-05 23:05:51'),
	(98, 7, 'barreras_entrada', 'Acceso a la tecnología', NULL, 'Fácil', 'Difícil', 3, 3, '2025-11-05 23:05:51', '2025-11-05 23:05:51'),
	(99, 7, 'barreras_entrada', 'Reglamentos o leyes limitativos', NULL, 'No', 'Sí', 3, 4, '2025-11-05 23:05:51', '2025-11-05 23:05:51'),
	(100, 7, 'barreras_entrada', 'Trámites burocráticos', NULL, 'No', 'Sí', 3, 5, '2025-11-05 23:05:51', '2025-11-05 23:05:51'),
	(101, 7, 'barreras_entrada', 'Reacción esperada actuales competidores', NULL, 'Escasa', 'Enérgica', 3, 6, '2025-11-05 23:05:51', '2025-11-05 23:05:51'),
	(102, 7, 'poder_clientes', 'Número de clientes', NULL, 'Pocos', 'Muchos', 3, 1, '2025-11-05 23:05:51', '2025-11-05 23:05:51'),
	(103, 7, 'poder_clientes', 'Posibilidad de integración ascendente', NULL, 'Grande', 'Pequeña', 3, 2, '2025-11-05 23:05:51', '2025-11-05 23:05:51'),
	(104, 7, 'poder_clientes', 'Rentabilidad de los clientes', NULL, 'Baja', 'Alta', 3, 3, '2025-11-05 23:05:51', '2025-11-05 23:05:51'),
	(105, 7, 'poder_clientes', 'Coste de cambio de proveedor para cliente', NULL, 'Bajo', 'Alto', 3, 4, '2025-11-05 23:05:51', '2025-11-05 23:05:51'),
	(106, 7, 'productos_sustitutivos', 'Disponibilidad de Productos Sustitutivos', NULL, 'Grande', 'Pequeña', 3, 1, '2025-11-05 23:05:51', '2025-11-05 23:05:51'),
	(119, 12, 'rivalidad', 'Crecimiento', NULL, 'Lento', 'Rápido', 4, 1, '2025-11-06 22:35:18', '2025-11-19 05:52:33'),
	(120, 12, 'rivalidad', 'Naturaleza de los competidores', NULL, 'Muchos', 'Pocos', 2, 2, '2025-11-06 22:35:18', '2025-11-19 05:52:33'),
	(121, 12, 'rivalidad', 'Exceso de capacidad productiva', NULL, 'Sí', 'No', 3, 3, '2025-11-06 22:35:18', '2025-11-19 05:52:33'),
	(122, 12, 'rivalidad', 'Rentabilidad media del sector', NULL, 'Baja', 'Alta', 4, 4, '2025-11-06 22:35:18', '2025-11-19 05:52:33'),
	(123, 12, 'rivalidad', 'Diferenciación del producto', NULL, 'Escasa', 'Elevada', 5, 5, '2025-11-06 22:35:18', '2025-11-19 05:52:33'),
	(124, 12, 'rivalidad', 'Barreras de salida', NULL, 'Bajas', 'Altas', 4, 6, '2025-11-06 22:35:18', '2025-11-19 05:52:33'),
	(125, 12, 'barreras_entrada', 'Economías de escala', NULL, 'No', 'Sí', 3, 1, '2025-11-06 22:35:18', '2025-11-19 05:52:33'),
	(126, 12, 'barreras_entrada', 'Necesidad de capital', NULL, 'Bajas', 'Altas', 2, 2, '2025-11-06 22:35:18', '2025-11-19 05:52:33'),
	(127, 12, 'barreras_entrada', 'Acceso a la tecnología', NULL, 'Fácil', 'Difícil', 1, 3, '2025-11-06 22:35:18', '2025-11-19 05:52:33'),
	(128, 12, 'barreras_entrada', 'Reglamentos o leyes limitativos', NULL, 'No', 'Sí', 2, 4, '2025-11-06 22:35:18', '2025-11-19 05:52:33'),
	(129, 12, 'barreras_entrada', 'Trámites burocráticos', NULL, 'No', 'Sí', 3, 5, '2025-11-06 22:35:18', '2025-11-19 05:52:33'),
	(130, 12, 'barreras_entrada', 'Reacción esperada actuales competidores', NULL, 'Escasa', 'Enérgica', 4, 6, '2025-11-06 22:35:18', '2025-11-19 05:52:33'),
	(131, 12, 'poder_clientes', 'Número de clientes', NULL, 'Pocos', 'Muchos', 5, 1, '2025-11-06 22:35:18', '2025-11-19 05:52:33'),
	(132, 12, 'poder_clientes', 'Posibilidad de integración ascendente', NULL, 'Grande', 'Pequeña', 4, 2, '2025-11-06 22:35:18', '2025-11-19 05:52:33'),
	(133, 12, 'poder_clientes', 'Rentabilidad de los clientes', NULL, 'Baja', 'Alta', 3, 3, '2025-11-06 22:35:18', '2025-11-19 05:52:33'),
	(134, 12, 'poder_clientes', 'Coste de cambio de proveedor para cliente', NULL, 'Bajo', 'Alto', 2, 4, '2025-11-06 22:35:18', '2025-11-19 05:52:33'),
	(135, 12, 'productos_sustitutivos', 'Disponibilidad de Productos Sustitutivos', NULL, 'Grande', 'Pequeña', 2, 1, '2025-11-06 22:35:18', '2025-11-19 05:52:33'),
	(136, 13, 'rivalidad', 'Crecimiento', NULL, 'Lento', 'Rápido', 1, 1, '2025-11-19 14:24:07', '2025-11-19 14:28:30'),
	(137, 13, 'rivalidad', 'Naturaleza de los competidores', NULL, 'Muchos', 'Pocos', 2, 2, '2025-11-19 14:24:07', '2025-11-19 14:28:30'),
	(138, 13, 'rivalidad', 'Exceso de capacidad productiva', NULL, 'Sí', 'No', 3, 3, '2025-11-19 14:24:07', '2025-11-19 14:28:30'),
	(139, 13, 'rivalidad', 'Rentabilidad media del sector', NULL, 'Baja', 'Alta', 4, 4, '2025-11-19 14:24:07', '2025-11-19 14:28:30'),
	(140, 13, 'rivalidad', 'Diferenciación del producto', NULL, 'Escasa', 'Elevada', 5, 5, '2025-11-19 14:24:07', '2025-11-19 14:28:30'),
	(141, 13, 'rivalidad', 'Barreras de salida', NULL, 'Bajas', 'Altas', 4, 6, '2025-11-19 14:24:07', '2025-11-19 14:28:30'),
	(142, 13, 'barreras_entrada', 'Economías de escala', NULL, 'No', 'Sí', 3, 1, '2025-11-19 14:24:07', '2025-11-19 14:28:30'),
	(143, 13, 'barreras_entrada', 'Necesidad de capital', NULL, 'Bajas', 'Altas', 2, 2, '2025-11-19 14:24:07', '2025-11-19 14:28:30'),
	(144, 13, 'barreras_entrada', 'Acceso a la tecnología', NULL, 'Fácil', 'Difícil', 1, 3, '2025-11-19 14:24:07', '2025-11-19 14:28:30'),
	(145, 13, 'barreras_entrada', 'Reglamentos o leyes limitativos', NULL, 'No', 'Sí', 2, 4, '2025-11-19 14:24:07', '2025-11-19 14:28:30'),
	(146, 13, 'barreras_entrada', 'Trámites burocráticos', NULL, 'No', 'Sí', 3, 5, '2025-11-19 14:24:07', '2025-11-19 14:28:30'),
	(147, 13, 'barreras_entrada', 'Reacción esperada actuales competidores', NULL, 'Escasa', 'Enérgica', 4, 6, '2025-11-19 14:24:07', '2025-11-19 14:28:30'),
	(148, 13, 'poder_clientes', 'Número de clientes', NULL, 'Pocos', 'Muchos', 5, 1, '2025-11-19 14:24:07', '2025-11-19 14:28:30'),
	(149, 13, 'poder_clientes', 'Posibilidad de integración ascendente', NULL, 'Grande', 'Pequeña', 4, 2, '2025-11-19 14:24:07', '2025-11-19 14:28:30'),
	(150, 13, 'poder_clientes', 'Rentabilidad de los clientes', NULL, 'Baja', 'Alta', 3, 3, '2025-11-19 14:24:07', '2025-11-19 14:28:30'),
	(151, 13, 'poder_clientes', 'Coste de cambio de proveedor para cliente', NULL, 'Bajo', 'Alto', 2, 4, '2025-11-19 14:24:07', '2025-11-19 14:28:30'),
	(152, 13, 'productos_sustitutivos', 'Disponibilidad de Productos Sustitutivos', NULL, 'Grande', 'Pequeña', 1, 1, '2025-11-19 14:24:07', '2025-11-19 14:28:30'),
	(153, 14, 'rivalidad', 'Crecimiento', NULL, 'Lento', 'Rápido', 1, 1, '2025-11-19 20:17:35', '2025-11-19 20:17:50'),
	(154, 14, 'rivalidad', 'Naturaleza de los competidores', NULL, 'Muchos', 'Pocos', 2, 2, '2025-11-19 20:17:35', '2025-11-19 20:17:50'),
	(155, 14, 'rivalidad', 'Exceso de capacidad productiva', NULL, 'Sí', 'No', 3, 3, '2025-11-19 20:17:35', '2025-11-19 20:17:50'),
	(156, 14, 'rivalidad', 'Rentabilidad media del sector', NULL, 'Baja', 'Alta', 4, 4, '2025-11-19 20:17:35', '2025-11-19 20:17:50'),
	(157, 14, 'rivalidad', 'Diferenciación del producto', NULL, 'Escasa', 'Elevada', 5, 5, '2025-11-19 20:17:35', '2025-11-19 20:17:50'),
	(158, 14, 'rivalidad', 'Barreras de salida', NULL, 'Bajas', 'Altas', 4, 6, '2025-11-19 20:17:35', '2025-11-19 20:17:50'),
	(159, 14, 'barreras_entrada', 'Economías de escala', NULL, 'No', 'Sí', 3, 1, '2025-11-19 20:17:35', '2025-11-19 20:17:50'),
	(160, 14, 'barreras_entrada', 'Necesidad de capital', NULL, 'Bajas', 'Altas', 2, 2, '2025-11-19 20:17:35', '2025-11-19 20:17:50'),
	(161, 14, 'barreras_entrada', 'Acceso a la tecnología', NULL, 'Fácil', 'Difícil', 1, 3, '2025-11-19 20:17:35', '2025-11-19 20:17:50'),
	(162, 14, 'barreras_entrada', 'Reglamentos o leyes limitativos', NULL, 'No', 'Sí', 2, 4, '2025-11-19 20:17:35', '2025-11-19 20:17:50'),
	(163, 14, 'barreras_entrada', 'Trámites burocráticos', NULL, 'No', 'Sí', 3, 5, '2025-11-19 20:17:35', '2025-11-19 20:17:50'),
	(164, 14, 'barreras_entrada', 'Reacción esperada actuales competidores', NULL, 'Escasa', 'Enérgica', 4, 6, '2025-11-19 20:17:35', '2025-11-19 20:17:50'),
	(165, 14, 'poder_clientes', 'Número de clientes', NULL, 'Pocos', 'Muchos', 5, 1, '2025-11-19 20:17:35', '2025-11-19 20:17:50'),
	(166, 14, 'poder_clientes', 'Posibilidad de integración ascendente', NULL, 'Grande', 'Pequeña', 4, 2, '2025-11-19 20:17:35', '2025-11-19 20:17:50'),
	(167, 14, 'poder_clientes', 'Rentabilidad de los clientes', NULL, 'Baja', 'Alta', 3, 3, '2025-11-19 20:17:35', '2025-11-19 20:17:50'),
	(168, 14, 'poder_clientes', 'Coste de cambio de proveedor para cliente', NULL, 'Bajo', 'Alto', 2, 4, '2025-11-19 20:17:35', '2025-11-19 20:17:50'),
	(169, 14, 'productos_sustitutivos', 'Disponibilidad de Productos Sustitutivos', NULL, 'Grande', 'Pequeña', 1, 1, '2025-11-19 20:17:35', '2025-11-19 20:17:50');

-- Volcando datos para la tabla planmaster.project_porter_foda: ~12 rows (aproximadamente)
INSERT INTO `project_porter_foda` (`id`, `project_id`, `type`, `item_text`, `item_order`, `created_at`, `updated_at`) VALUES
	(70, 7, 'oportunidad', 'agewfefefea', 1, '2025-11-05 23:54:06', '2025-11-05 23:54:06'),
	(71, 7, 'amenaza', 'aesfeefsfse', 1, '2025-11-05 23:54:06', '2025-11-05 23:54:06'),
	(72, 7, 'amenaza', 'efsefesfsef', 2, '2025-11-05 23:54:06', '2025-11-05 23:54:06'),
	(88, 11, 'oportunidad', 'gaagg', 1, '2025-11-06 00:23:54', '2025-11-06 00:23:54'),
	(89, 11, 'oportunidad', 'Gaaaaa', 2, '2025-11-06 00:23:54', '2025-11-06 00:23:54'),
	(90, 11, 'amenaza', 'aggaggagga', 1, '2025-11-06 00:23:54', '2025-11-06 00:23:54'),
	(91, 11, 'amenaza', 'FEEEEEEEEEEEEEEE', 2, '2025-11-06 00:23:54', '2025-11-06 00:23:54'),
	(112, 12, 'oportunidad', 'Los rivales no son muy temibles como creíamos, ahora podemos y estamos capaces de enfrentarlos.', 1, '2025-11-19 05:52:33', '2025-11-19 05:52:33'),
	(113, 12, 'oportunidad', 'ejemplo04', 2, '2025-11-19 05:52:33', '2025-11-19 05:52:33'),
	(114, 12, 'amenaza', 'Tenemos precios elevados.', 1, '2025-11-19 05:52:33', '2025-11-19 05:52:33'),
	(115, 12, 'amenaza', 'Consideramos que la infraestructura de la red es demasiada baja', 2, '2025-11-19 05:52:33', '2025-11-19 05:52:33'),
	(116, 12, 'amenaza', 'ejemplo05', 3, '2025-11-19 05:52:33', '2025-11-19 05:52:33');

-- Volcando datos para la tabla planmaster.project_specific_objectives: ~42 rows (aproximadamente)
INSERT INTO `project_specific_objectives` (`id`, `strategic_objective_id`, `objective_title`, `objective_description`, `objective_order`, `created_at`, `updated_at`) VALUES
	(1, 1, 'Conectividad Global', '', 1, '2025-10-01 22:28:47', '2025-10-01 22:28:47'),
	(2, 1, 'Dispositivos Accesibles', '', 2, '2025-10-01 22:28:47', '2025-10-01 22:28:47'),
	(3, 2, 'Alfabetización Digital', '', 1, '2025-10-01 22:28:47', '2025-10-01 22:28:47'),
	(4, 2, 'Infraestructura Educativa', '', 2, '2025-10-01 22:28:47', '2025-10-01 22:28:47'),
	(5, 3, 'Gobernanza de IA', '', 1, '2025-10-01 22:28:47', '2025-10-01 22:28:47'),
	(6, 3, 'IA para el Bien Social', '', 2, '2025-10-01 22:28:47', '2025-10-01 22:28:47'),
	(7, 4, 'A continuación reflexione sobre la misión, visión y valores definidos y establezca los objetivos estratégicos y específi', '', 1, '2025-10-22 22:40:20', '2025-10-22 22:40:20'),
	(8, 4, 'A continuación reflexione sobre la misión, visión y valores definidos y establezca los objetivos estratégicos y específi', '', 2, '2025-10-22 22:40:20', '2025-10-22 22:40:20'),
	(9, 5, 'A continuación reflexione sobre la misión, visión y valores definidos y establezca los objetivos estratégicos y específi', '', 1, '2025-10-22 22:40:20', '2025-10-22 22:40:20'),
	(10, 5, 'A continuación reflexione sobre la misión, visión y valores definidos y establezca los objetivos estratégicos y específi', '', 2, '2025-10-22 22:40:20', '2025-10-22 22:40:20'),
	(11, 6, 'A continuación reflexione sobre la misión, visión y valores definidos y establezca los objetivos estratégicos y específi', '', 1, '2025-10-22 22:40:20', '2025-10-22 22:40:20'),
	(12, 6, 'A continuación reflexione sobre la misión, visión y valores definidos y establezca los objetivos estratégicos y específi', '', 2, '2025-10-22 22:40:20', '2025-10-22 22:40:20'),
	(13, 7, '3 Objetivos Estratégicos × 2 Objetivos Específicos cada uno = 6 Objetivos Específicos totales D', '3 Objetivos Estratégicos × 2 Objetivos Específicos cada uno = 6 Objetivos Específicos totales\r\n\r\nW', 1, '2025-10-23 23:10:41', '2025-10-23 23:10:41'),
	(14, 7, '3 Objetivos Estratégicos × 2 Objetivos Específicos cada uno = 6 Objetivos Específicos totalesFF', '3 Objetivos Estratégicos × 2 Objetivos Específicos cada uno = 6 Objetivos Específicos totales\r\n\r\nDD', 2, '2025-10-23 23:10:41', '2025-10-23 23:10:41'),
	(15, 8, '3 Objetivos Estratégicos × 2 Objetivos Específicos cada uno = 6 Objetivos Específicos totalesHJJJ', '', 1, '2025-10-23 23:10:41', '2025-10-23 23:10:41'),
	(16, 8, '3 Objetivos Estratégicos × 2 Objetivos Específicos cada uno = 6 Objetivos Específicos totalesOOOO', '', 2, '2025-10-23 23:10:41', '2025-10-23 23:10:41'),
	(17, 9, '3 Objetivos Estratégicos × 2 Objetivos Específicos cada uno = 6 Objetivos Específicos totalesNNNMM', '', 1, '2025-10-23 23:10:41', '2025-10-23 23:10:41'),
	(18, 9, '3 Objetivos Estratégicos × 2 Objetivos Específicos cada uno = 6 Objetivos Específicos totalesKKK', '', 2, '2025-10-23 23:10:41', '2025-10-23 23:10:41'),
	(19, 10, 'Objetivo 1,1,', '', 1, '2025-11-05 16:54:36', '2025-11-05 16:54:36'),
	(20, 10, 'Objetivo 1.2.', '', 2, '2025-11-05 16:54:36', '2025-11-05 16:54:36'),
	(21, 11, 'Objetivo 2.1', '', 1, '2025-11-05 16:54:36', '2025-11-05 16:54:36'),
	(22, 11, 'Objetivo 2.2', '', 2, '2025-11-05 16:54:36', '2025-11-05 16:54:36'),
	(23, 12, 'Objetivo 3.1', '', 1, '2025-11-05 16:54:36', '2025-11-05 16:54:36'),
	(24, 12, 'Objetivo 3.2', '', 2, '2025-11-05 16:54:36', '2025-11-05 16:54:36'),
	(25, 13, 'Objetivo 01.2', '', 1, '2025-11-06 22:03:09', '2025-11-06 22:03:09'),
	(26, 13, 'Objetivo 01.1', '', 2, '2025-11-06 22:03:09', '2025-11-06 22:03:09'),
	(27, 14, 'Objetivo 02.1', '', 1, '2025-11-06 22:03:09', '2025-11-06 22:03:09'),
	(28, 14, 'Objetivo 02.2', '', 2, '2025-11-06 22:03:09', '2025-11-06 22:03:09'),
	(29, 15, 'Objetivo 03.1', '', 1, '2025-11-06 22:03:09', '2025-11-06 22:03:09'),
	(30, 15, 'Objetivo 03.2', '', 2, '2025-11-06 22:03:09', '2025-11-06 22:03:09'),
	(31, 16, 'Objetivo01.1', '', 1, '2025-11-19 14:22:09', '2025-11-19 14:22:09'),
	(32, 16, 'Objetivo01.2', '', 2, '2025-11-19 14:22:09', '2025-11-19 14:22:09'),
	(33, 17, 'Objetivo02.1', '', 1, '2025-11-19 14:22:09', '2025-11-19 14:22:09'),
	(34, 17, 'Objetivo02.2', '', 2, '2025-11-19 14:22:09', '2025-11-19 14:22:09'),
	(35, 18, 'Objetivo03.1', '', 1, '2025-11-19 14:22:09', '2025-11-19 14:22:09'),
	(36, 18, 'Objetivo03.2', '', 2, '2025-11-19 14:22:09', '2025-11-19 14:22:09'),
	(37, 19, 'Aumentar en un 20% las ventas anuales mediante campañas de marketing digital y estrategias de posicionamiento.', '', 1, '2025-11-19 20:16:21', '2025-11-19 20:16:21'),
	(38, 19, 'Ampliar el catálogo de productos en un 15%, incorporando nuevas marcas y dispositivos emergentes del mercado.', '', 2, '2025-11-19 20:16:21', '2025-11-19 20:16:21'),
	(39, 20, 'Reducir los tiempos de entrega en un 30% optimizando la logística y las alianzas con proveedores.', '', 1, '2025-11-19 20:16:21', '2025-11-19 20:16:21'),
	(40, 20, 'Mejorar la atención al cliente, alcanzando un nivel de satisfacción del 90% en encuestas postventa.', '', 2, '2025-11-19 20:16:21', '2025-11-19 20:16:21'),
	(41, 21, 'Implementar un programa de fidelización para aumentar en un 25% el número de clientes recurrentes.', '', 1, '2025-11-19 20:16:21', '2025-11-19 20:16:21'),
	(42, 21, 'Optimizar los costos operativos en un 10% mediante la digitalización de procesos internos y la automatización de tareas.', '', 2, '2025-11-19 20:16:21', '2025-11-19 20:16:21');

-- Volcando datos para la tabla planmaster.project_strategic_analysis: ~0 rows (aproximadamente)

-- Volcando datos para la tabla planmaster.project_strategic_objectives: ~21 rows (aproximadamente)
INSERT INTO `project_strategic_objectives` (`id`, `project_id`, `objective_title`, `objective_description`, `objective_order`, `created_at`, `updated_at`) VALUES
	(1, 8, 'Democratizar el Acceso a la Tecnología', '', 1, '2025-10-01 22:28:47', '2025-10-01 22:28:47'),
	(2, 8, 'Impulsar la Educación Digital Global', '', 2, '2025-10-01 22:28:47', '2025-10-01 22:28:47'),
	(3, 8, 'Desarrollar IA Ética y Responsable', '', 3, '2025-10-01 22:28:47', '2025-10-01 22:28:47'),
	(4, 5, 'A continuación reflexione sobre la misión, visión y valores definidos y establezca los objetivos estratégicos y específicos de su empresa. Le proponem', '', 1, '2025-10-22 22:40:20', '2025-10-22 22:40:20'),
	(5, 5, 'A continuación reflexione sobre la misión, visión y valores definidos y establezca los objetivos estratégicos y específicos de su empresa. Le proponem', '', 2, '2025-10-22 22:40:20', '2025-10-22 22:40:20'),
	(6, 5, 'A continuación reflexione sobre la misión, visión y valores definidos y establezca los objetivos estratégicos y específicos de su empresa. Le proponem', '', 3, '2025-10-22 22:40:20', '2025-10-22 22:40:20'),
	(7, 9, '3 Objetivos Estratégicos × 2 Objetivos Específicos cada uno = 6 Objetivos Específicos totales', '', 1, '2025-10-23 23:10:41', '2025-10-23 23:10:41'),
	(8, 9, '3 Objetivos Estratégicos × 2 Objetivos Específicos cada uno = 6 Objetivos Específicos totalesFFFF', '', 2, '2025-10-23 23:10:41', '2025-10-23 23:10:41'),
	(9, 9, '3 Objetivos Estratégicos × 2 Objetivos Específicos cada uno = 6 Objetivos Específicos totalesNNNNN', '', 3, '2025-10-23 23:10:41', '2025-10-23 23:10:41'),
	(10, 11, 'Objetivo 1', '', 1, '2025-11-05 16:54:36', '2025-11-05 16:54:36'),
	(11, 11, 'Objetivo 2', '', 2, '2025-11-05 16:54:36', '2025-11-05 16:54:36'),
	(12, 11, 'Objetivo 3', '', 3, '2025-11-05 16:54:36', '2025-11-05 16:54:36'),
	(13, 12, 'Objetivo 01', '', 1, '2025-11-06 22:03:09', '2025-11-06 22:03:09'),
	(14, 12, 'Objetivo 02', '', 2, '2025-11-06 22:03:09', '2025-11-06 22:03:09'),
	(15, 12, 'Objetivo 03', '', 3, '2025-11-06 22:03:09', '2025-11-06 22:03:09'),
	(16, 13, 'Objetivo01', '', 1, '2025-11-19 14:22:09', '2025-11-19 14:22:09'),
	(17, 13, 'Objetivo02', '', 2, '2025-11-19 14:22:09', '2025-11-19 14:22:09'),
	(18, 13, 'Objetivo03', '', 3, '2025-11-19 14:22:09', '2025-11-19 14:22:09'),
	(19, 14, 'Incrementar la participación en el mercado tecnológico mediante una oferta competitiva de productos innovadores y de alta calidad.', '', 1, '2025-11-19 20:16:21', '2025-11-19 20:16:21'),
	(20, 14, 'Fortalecer la satisfacción y fidelización del cliente ofreciendo un servicio integral antes y después de la venta.', '', 2, '2025-11-19 20:16:21', '2025-11-19 20:16:21'),
	(21, 14, 'Optimizar la rentabilidad y eficiencia operativa para asegurar el crecimiento sostenible de la empresa.', '', 3, '2025-11-19 20:16:21', '2025-11-19 20:16:21');

-- Volcando datos para la tabla planmaster.project_strategic_relations: ~449 rows (aproximadamente)
INSERT INTO `project_strategic_relations` (`id`, `project_id`, `relation_type`, `fortaleza_id`, `debilidad_id`, `oportunidad_id`, `amenaza_id`, `value_score`, `created_at`, `updated_at`) VALUES
	(1, 12, 'FO', 393, 0, 386, 0, 2, '2025-11-19 07:49:22', '2025-11-19 07:55:14'),
	(2, 12, 'FO', 393, 0, 387, 0, 3, '2025-11-19 07:49:24', '2025-11-19 07:55:19'),
	(3, 12, 'FO', 394, 0, 386, 0, 2, '2025-11-19 07:49:24', '2025-11-19 08:04:59'),
	(4, 12, 'FO', 395, 0, 386, 0, 4, '2025-11-19 07:49:29', '2025-11-19 08:03:15'),
	(5, 12, 'FO', 394, 0, 387, 0, 2, '2025-11-19 07:49:32', '2025-11-19 07:55:19'),
	(6, 12, 'FO', 395, 0, 387, 0, 4, '2025-11-19 07:49:37', '2025-11-19 07:55:20'),
	(7, 12, 'FO', 394, 0, 388, 0, 2, '2025-11-19 07:49:37', '2025-11-19 07:55:28'),
	(8, 12, 'FO', 393, 0, 388, 0, 0, '2025-11-19 07:49:40', '2025-11-19 08:05:27'),
	(9, 12, 'FO', 393, 0, 389, 0, 2, '2025-11-19 07:49:43', '2025-11-19 08:05:54'),
	(10, 12, 'FO', 394, 0, 389, 0, 4, '2025-11-19 07:49:46', '2025-11-19 07:55:29'),
	(11, 12, 'FO', 395, 0, 389, 0, 3, '2025-11-19 07:49:47', '2025-11-19 07:55:25'),
	(12, 12, 'FO', 395, 0, 388, 0, 2, '2025-11-19 07:49:48', '2025-11-19 07:55:27'),
	(13, 12, 'FA', 393, 0, 0, 390, 4, '2025-11-19 07:50:00', '2025-11-19 07:50:00'),
	(14, 12, 'FA', 394, 0, 0, 390, 4, '2025-11-19 07:50:01', '2025-11-19 07:50:01'),
	(15, 12, 'FA', 395, 0, 0, 390, 4, '2025-11-19 07:50:02', '2025-11-19 07:50:02'),
	(16, 12, 'FA', 393, 0, 0, 391, 4, '2025-11-19 07:50:06', '2025-11-19 07:50:06'),
	(17, 12, 'FA', 394, 0, 0, 391, 4, '2025-11-19 07:50:06', '2025-11-19 07:50:06'),
	(18, 12, 'FA', 395, 0, 0, 391, 4, '2025-11-19 07:50:08', '2025-11-19 07:50:08'),
	(19, 12, 'FA', 395, 0, 0, 392, 4, '2025-11-19 07:50:09', '2025-11-19 07:50:09'),
	(20, 12, 'FA', 394, 0, 0, 392, 1, '2025-11-19 07:50:10', '2025-11-19 07:50:10'),
	(21, 12, 'DO', 0, 396, 386, 0, 4, '2025-11-19 07:50:14', '2025-11-19 07:50:18'),
	(22, 12, 'DO', 0, 397, 386, 0, 1, '2025-11-19 07:50:20', '2025-11-19 08:01:16'),
	(23, 12, 'DO', 0, 398, 386, 0, 2, '2025-11-19 07:50:21', '2025-11-19 07:50:21'),
	(24, 12, 'DO', 0, 398, 387, 0, 3, '2025-11-19 07:50:24', '2025-11-19 07:50:25'),
	(25, 12, 'DO', 0, 397, 387, 0, 3, '2025-11-19 07:50:26', '2025-11-19 07:50:26'),
	(26, 12, 'DO', 0, 396, 387, 0, 3, '2025-11-19 07:50:27', '2025-11-19 07:50:27'),
	(27, 12, 'DO', 0, 396, 388, 0, 2, '2025-11-19 07:50:28', '2025-11-19 07:50:28'),
	(28, 12, 'DO', 0, 397, 388, 0, 2, '2025-11-19 07:50:29', '2025-11-19 07:50:29'),
	(29, 12, 'DO', 0, 398, 388, 0, 2, '2025-11-19 07:50:30', '2025-11-19 07:50:30'),
	(30, 12, 'DO', 0, 398, 389, 0, 2, '2025-11-19 07:50:31', '2025-11-19 07:50:31'),
	(31, 12, 'DO', 0, 397, 389, 0, 2, '2025-11-19 07:50:32', '2025-11-19 07:50:33'),
	(32, 12, 'DO', 0, 396, 389, 0, 2, '2025-11-19 07:50:33', '2025-11-19 07:50:34'),
	(33, 12, 'DA', 0, 396, 0, 390, 1, '2025-11-19 07:50:38', '2025-11-19 07:50:38'),
	(34, 12, 'DA', 0, 397, 0, 390, 2, '2025-11-19 07:50:39', '2025-11-19 07:50:39'),
	(35, 12, 'DA', 0, 398, 0, 390, 4, '2025-11-19 07:50:40', '2025-11-19 08:00:48'),
	(36, 12, 'DA', 0, 398, 0, 391, 2, '2025-11-19 07:50:41', '2025-11-19 08:01:07'),
	(37, 12, 'DA', 0, 397, 0, 391, 4, '2025-11-19 07:50:42', '2025-11-19 08:05:07'),
	(38, 12, 'DA', 0, 396, 0, 391, 2, '2025-11-19 07:50:46', '2025-11-19 07:50:46'),
	(39, 12, 'DA', 0, 396, 0, 392, 2, '2025-11-19 07:50:48', '2025-11-19 07:50:48'),
	(40, 12, 'DA', 0, 397, 0, 392, 3, '2025-11-19 07:50:49', '2025-11-19 07:50:49'),
	(41, 12, 'DA', 0, 398, 0, 392, 3, '2025-11-19 07:50:50', '2025-11-19 07:50:50'),
	(42, 12, 'FA', 393, 0, 0, 392, 3, '2025-11-19 07:52:44', '2025-11-19 07:52:44'),
	(43, 12, 'DA', NULL, 398, NULL, 390, 4, '2025-11-19 08:00:47', '2025-11-19 08:00:47'),
	(44, 12, 'DA', NULL, 398, NULL, 391, 3, '2025-11-19 08:01:00', '2025-11-19 08:01:00'),
	(45, 12, 'DA', NULL, 398, NULL, 391, 2, '2025-11-19 08:01:00', '2025-11-19 08:01:00'),
	(46, 12, 'DA', NULL, 398, NULL, 391, 1, '2025-11-19 08:01:01', '2025-11-19 08:01:01'),
	(47, 12, 'DA', NULL, 398, NULL, 391, 0, '2025-11-19 08:01:02', '2025-11-19 08:01:02'),
	(48, 12, 'DA', NULL, 398, NULL, 391, 1, '2025-11-19 08:01:05', '2025-11-19 08:01:05'),
	(49, 12, 'DA', NULL, 398, NULL, 391, 2, '2025-11-19 08:01:07', '2025-11-19 08:01:07'),
	(50, 12, 'DO', NULL, 397, 386, NULL, 1, '2025-11-19 08:01:13', '2025-11-19 08:01:13'),
	(51, 12, 'DO', NULL, 397, 386, NULL, 0, '2025-11-19 08:01:14', '2025-11-19 08:01:14'),
	(52, 12, 'DO', NULL, 397, 386, NULL, 1, '2025-11-19 08:01:16', '2025-11-19 08:01:16'),
	(53, 12, 'FO', 395, NULL, 386, NULL, 4, '2025-11-19 08:03:14', '2025-11-19 08:03:14'),
	(54, 12, 'FO', 394, NULL, 386, NULL, 3, '2025-11-19 08:04:57', '2025-11-19 08:04:57'),
	(55, 12, 'FO', 394, NULL, 386, NULL, 2, '2025-11-19 08:04:59', '2025-11-19 08:04:59'),
	(56, 12, 'DA', NULL, 397, NULL, 391, 3, '2025-11-19 08:05:04', '2025-11-19 08:05:04'),
	(57, 12, 'DA', NULL, 397, NULL, 391, 2, '2025-11-19 08:05:05', '2025-11-19 08:05:05'),
	(58, 12, 'DA', NULL, 397, NULL, 391, 1, '2025-11-19 08:05:06', '2025-11-19 08:05:06'),
	(59, 12, 'DA', NULL, 397, NULL, 391, 2, '2025-11-19 08:05:06', '2025-11-19 08:05:06'),
	(60, 12, 'DA', NULL, 397, NULL, 391, 3, '2025-11-19 08:05:06', '2025-11-19 08:05:06'),
	(61, 12, 'DA', NULL, 397, NULL, 391, 4, '2025-11-19 08:05:07', '2025-11-19 08:05:07'),
	(62, 12, 'FO', 393, NULL, 388, NULL, 3, '2025-11-19 08:05:27', '2025-11-19 08:05:27'),
	(63, 12, 'FO', 393, NULL, 388, NULL, 2, '2025-11-19 08:05:27', '2025-11-19 08:05:27'),
	(64, 12, 'FO', 393, NULL, 388, NULL, 1, '2025-11-19 08:05:27', '2025-11-19 08:05:27'),
	(65, 12, 'FO', 393, NULL, 388, NULL, 0, '2025-11-19 08:05:27', '2025-11-19 08:05:27'),
	(66, 12, 'FO', 393, NULL, 389, NULL, 3, '2025-11-19 08:05:53', '2025-11-19 08:05:53'),
	(67, 12, 'FO', 393, NULL, 389, NULL, 2, '2025-11-19 08:05:54', '2025-11-19 08:05:54'),
	(68, 11, 'FO', 295, NULL, 401, NULL, 1, '2025-11-19 08:48:07', '2025-11-19 08:48:07'),
	(69, 11, 'FO', 295, 0, 401, 0, 2, '2025-11-19 08:48:07', '2025-11-19 08:48:07'),
	(70, 11, 'FO', 295, NULL, 401, NULL, 2, '2025-11-19 08:48:07', '2025-11-19 08:48:07'),
	(71, 11, 'FO', 296, NULL, 401, NULL, 1, '2025-11-19 08:48:09', '2025-11-19 08:48:09'),
	(72, 11, 'FO', 296, 0, 401, 0, 3, '2025-11-19 08:48:09', '2025-11-19 08:48:09'),
	(73, 11, 'FO', 296, NULL, 401, NULL, 2, '2025-11-19 08:48:09', '2025-11-19 08:48:09'),
	(74, 11, 'FO', 296, NULL, 401, NULL, 3, '2025-11-19 08:48:09', '2025-11-19 08:48:09'),
	(75, 11, 'FO', 297, NULL, 401, NULL, 1, '2025-11-19 08:48:10', '2025-11-19 08:48:10'),
	(76, 11, 'FO', 297, 0, 401, 0, 1, '2025-11-19 08:48:10', '2025-11-19 08:48:10'),
	(77, 11, 'FO', 295, NULL, 402, NULL, 1, '2025-11-19 08:48:11', '2025-11-19 08:48:11'),
	(78, 11, 'FO', 295, 0, 402, 0, 4, '2025-11-19 08:48:12', '2025-11-19 08:48:13'),
	(79, 11, 'FO', 295, NULL, 402, NULL, 2, '2025-11-19 08:48:12', '2025-11-19 08:48:12'),
	(80, 11, 'FO', 295, NULL, 402, NULL, 3, '2025-11-19 08:48:12', '2025-11-19 08:48:12'),
	(81, 11, 'FO', 295, NULL, 402, NULL, 4, '2025-11-19 08:48:12', '2025-11-19 08:48:12'),
	(82, 11, 'FO', 296, NULL, 402, NULL, 1, '2025-11-19 08:48:13', '2025-11-19 08:48:13'),
	(83, 11, 'FO', 296, 0, 402, 0, 2, '2025-11-19 08:48:13', '2025-11-19 08:48:14'),
	(84, 11, 'FO', 296, NULL, 402, NULL, 2, '2025-11-19 08:48:13', '2025-11-19 08:48:13'),
	(85, 11, 'FO', 297, NULL, 402, NULL, 1, '2025-11-19 08:48:14', '2025-11-19 08:48:14'),
	(86, 11, 'FO', 297, 0, 402, 0, 2, '2025-11-19 08:48:14', '2025-11-19 08:48:15'),
	(87, 11, 'FO', 297, NULL, 402, NULL, 2, '2025-11-19 08:48:15', '2025-11-19 08:48:15'),
	(88, 11, 'FA', 295, NULL, NULL, 403, 1, '2025-11-19 08:48:17', '2025-11-19 08:48:17'),
	(89, 11, 'FA', 295, 0, 0, 403, 2, '2025-11-19 08:48:17', '2025-11-19 08:48:17'),
	(90, 11, 'FA', 295, NULL, NULL, 403, 2, '2025-11-19 08:48:17', '2025-11-19 08:48:17'),
	(91, 11, 'FA', 296, NULL, NULL, 403, 1, '2025-11-19 08:48:18', '2025-11-19 08:48:18'),
	(92, 11, 'FA', 296, 0, 0, 403, 4, '2025-11-19 08:48:18', '2025-11-19 08:48:18'),
	(93, 11, 'FA', 296, NULL, NULL, 403, 2, '2025-11-19 08:48:18', '2025-11-19 08:48:18'),
	(94, 11, 'FA', 296, NULL, NULL, 403, 3, '2025-11-19 08:48:18', '2025-11-19 08:48:18'),
	(95, 11, 'FA', 296, NULL, NULL, 403, 4, '2025-11-19 08:48:18', '2025-11-19 08:48:18'),
	(96, 11, 'FA', 297, NULL, NULL, 403, 1, '2025-11-19 08:48:19', '2025-11-19 08:48:19'),
	(97, 11, 'FA', 297, 0, 0, 403, 1, '2025-11-19 08:48:19', '2025-11-19 08:48:19'),
	(98, 11, 'FA', 296, NULL, NULL, 404, 1, '2025-11-19 08:48:20', '2025-11-19 08:48:20'),
	(99, 11, 'FA', 296, 0, 0, 404, 1, '2025-11-19 08:48:20', '2025-11-19 08:48:20'),
	(100, 11, 'FA', 295, NULL, NULL, 404, 1, '2025-11-19 08:48:21', '2025-11-19 08:48:21'),
	(101, 11, 'FA', 295, 0, 0, 404, 1, '2025-11-19 08:48:21', '2025-11-19 08:48:21'),
	(102, 11, 'DO', NULL, 298, 401, NULL, 1, '2025-11-19 08:48:23', '2025-11-19 08:48:23'),
	(103, 11, 'DO', 0, 298, 401, 0, 4, '2025-11-19 08:48:23', '2025-11-19 08:48:24'),
	(104, 11, 'DO', NULL, 298, 401, NULL, 2, '2025-11-19 08:48:24', '2025-11-19 08:48:24'),
	(105, 11, 'DO', NULL, 298, 401, NULL, 3, '2025-11-19 08:48:24', '2025-11-19 08:48:24'),
	(106, 11, 'DO', NULL, 298, 401, NULL, 4, '2025-11-19 08:48:24', '2025-11-19 08:48:24'),
	(107, 11, 'DA', NULL, 298, NULL, 403, 1, '2025-11-19 08:48:26', '2025-11-19 08:48:26'),
	(108, 11, 'DA', 0, 298, 0, 403, 3, '2025-11-19 08:48:26', '2025-11-19 08:48:26'),
	(109, 11, 'DA', NULL, 298, NULL, 403, 2, '2025-11-19 08:48:26', '2025-11-19 08:48:26'),
	(110, 11, 'DA', NULL, 298, NULL, 403, 3, '2025-11-19 08:48:26', '2025-11-19 08:48:26'),
	(111, 11, 'DA', NULL, 300, NULL, 403, 1, '2025-11-19 08:48:27', '2025-11-19 08:48:27'),
	(112, 11, 'DA', 0, 300, 0, 403, 3, '2025-11-19 08:48:27', '2025-11-19 08:48:28'),
	(113, 11, 'DA', NULL, 300, NULL, 403, 2, '2025-11-19 08:48:27', '2025-11-19 08:48:27'),
	(114, 11, 'DA', NULL, 300, NULL, 403, 3, '2025-11-19 08:48:27', '2025-11-19 08:48:27'),
	(115, 11, 'DA', NULL, 299, NULL, 403, 1, '2025-11-19 08:48:28', '2025-11-19 08:48:28'),
	(116, 11, 'DA', 0, 299, 0, 403, 4, '2025-11-19 08:48:28', '2025-11-19 08:48:29'),
	(117, 11, 'DA', NULL, 299, NULL, 403, 2, '2025-11-19 08:48:28', '2025-11-19 08:48:28'),
	(118, 11, 'DA', NULL, 299, NULL, 403, 3, '2025-11-19 08:48:28', '2025-11-19 08:48:28'),
	(119, 11, 'DA', NULL, 299, NULL, 403, 4, '2025-11-19 08:48:29', '2025-11-19 08:48:29'),
	(120, 11, 'DO', NULL, 301, 401, NULL, 1, '2025-11-19 08:48:30', '2025-11-19 08:48:30'),
	(121, 11, 'DO', 0, 301, 401, 0, 4, '2025-11-19 08:48:30', '2025-11-19 08:48:30'),
	(122, 11, 'DO', NULL, 301, 401, NULL, 2, '2025-11-19 08:48:30', '2025-11-19 08:48:30'),
	(123, 11, 'DO', NULL, 301, 401, NULL, 3, '2025-11-19 08:48:30', '2025-11-19 08:48:30'),
	(124, 11, 'DO', NULL, 301, 401, NULL, 4, '2025-11-19 08:48:30', '2025-11-19 08:48:30'),
	(125, 11, 'DO', NULL, 299, 401, NULL, 1, '2025-11-19 08:48:32', '2025-11-19 08:48:32'),
	(126, 11, 'DO', 0, 299, 401, 0, 2, '2025-11-19 08:48:32', '2025-11-19 08:48:32'),
	(127, 11, 'DO', NULL, 299, 401, NULL, 2, '2025-11-19 08:48:32', '2025-11-19 08:48:32'),
	(128, 11, 'DO', NULL, 300, 401, NULL, 1, '2025-11-19 08:48:33', '2025-11-19 08:48:33'),
	(129, 11, 'DO', 0, 300, 401, 0, 3, '2025-11-19 08:48:33', '2025-11-19 08:48:35'),
	(130, 11, 'DO', NULL, 300, 401, NULL, 2, '2025-11-19 08:48:33', '2025-11-19 08:48:33'),
	(131, 11, 'DO', NULL, 300, 401, NULL, 3, '2025-11-19 08:48:34', '2025-11-19 08:48:34'),
	(132, 11, 'DO', NULL, 300, 401, NULL, 4, '2025-11-19 08:48:34', '2025-11-19 08:48:34'),
	(133, 11, 'DO', NULL, 300, 401, NULL, 3, '2025-11-19 08:48:35', '2025-11-19 08:48:35'),
	(134, 11, 'DO', NULL, 298, 402, NULL, 1, '2025-11-19 08:48:36', '2025-11-19 08:48:36'),
	(135, 11, 'DO', 0, 298, 402, 0, 2, '2025-11-19 08:48:36', '2025-11-19 08:48:37'),
	(136, 11, 'DO', NULL, 298, 402, NULL, 2, '2025-11-19 08:48:36', '2025-11-19 08:48:36'),
	(137, 11, 'DO', NULL, 299, 402, NULL, 1, '2025-11-19 08:48:37', '2025-11-19 08:48:37'),
	(138, 11, 'DO', 0, 299, 402, 0, 2, '2025-11-19 08:48:37', '2025-11-19 08:48:38'),
	(139, 11, 'DO', NULL, 299, 402, NULL, 2, '2025-11-19 08:48:37', '2025-11-19 08:48:37'),
	(140, 11, 'DO', NULL, 300, 402, NULL, 1, '2025-11-19 08:48:38', '2025-11-19 08:48:38'),
	(141, 11, 'DO', 0, 300, 402, 0, 1, '2025-11-19 08:48:38', '2025-11-19 08:48:38'),
	(142, 11, 'DO', NULL, 301, 402, NULL, 1, '2025-11-19 08:48:39', '2025-11-19 08:48:39'),
	(143, 11, 'DO', 0, 301, 402, 0, 1, '2025-11-19 08:48:39', '2025-11-19 08:48:39'),
	(144, 11, 'DA', NULL, 298, NULL, 404, 1, '2025-11-19 08:48:41', '2025-11-19 08:48:41'),
	(145, 11, 'DA', 0, 298, 0, 404, 1, '2025-11-19 08:48:41', '2025-11-19 08:48:41'),
	(146, 11, 'DA', NULL, 299, NULL, 404, 1, '2025-11-19 08:48:42', '2025-11-19 08:48:42'),
	(147, 11, 'DA', 0, 299, 0, 404, 1, '2025-11-19 08:48:43', '2025-11-19 08:48:43'),
	(148, 11, 'DA', NULL, 300, NULL, 404, 1, '2025-11-19 08:48:43', '2025-11-19 08:48:43'),
	(149, 11, 'DA', 0, 300, 0, 404, 1, '2025-11-19 08:48:44', '2025-11-19 08:48:44'),
	(150, 11, 'DA', NULL, 301, NULL, 404, 2, '2025-11-19 08:48:44', '2025-11-19 08:48:44'),
	(151, 11, 'DA', NULL, 301, NULL, 404, 1, '2025-11-19 08:48:45', '2025-11-19 08:48:45'),
	(152, 11, 'DA', 0, 301, 0, 404, 2, '2025-11-19 08:48:45', '2025-11-19 08:48:45'),
	(153, 11, 'DA', NULL, 301, NULL, 404, 2, '2025-11-19 08:48:45', '2025-11-19 08:48:45'),
	(154, 13, 'FO', 408, NULL, 418, NULL, 1, '2025-11-19 14:31:02', '2025-11-19 14:31:02'),
	(155, 13, 'FO', 408, 0, 418, 0, 3, '2025-11-19 14:31:03', '2025-11-19 14:31:03'),
	(156, 13, 'FO', 408, NULL, 418, NULL, 2, '2025-11-19 14:31:03', '2025-11-19 14:31:03'),
	(157, 13, 'FO', 408, NULL, 418, NULL, 3, '2025-11-19 14:31:03', '2025-11-19 14:31:03'),
	(158, 13, 'FO', 409, NULL, 418, NULL, 1, '2025-11-19 14:31:04', '2025-11-19 14:31:04'),
	(159, 13, 'FO', 409, 0, 418, 0, 1, '2025-11-19 14:31:04', '2025-11-19 14:31:04'),
	(160, 13, 'FO', 410, NULL, 418, NULL, 1, '2025-11-19 14:31:05', '2025-11-19 14:31:05'),
	(161, 13, 'FO', 410, 0, 418, 0, 2, '2025-11-19 14:31:05', '2025-11-19 14:31:05'),
	(162, 13, 'FO', 410, NULL, 418, NULL, 2, '2025-11-19 14:31:05', '2025-11-19 14:31:05'),
	(163, 13, 'FO', 408, NULL, 419, NULL, 1, '2025-11-19 14:31:06', '2025-11-19 14:31:06'),
	(164, 13, 'FO', 408, 0, 419, 0, 3, '2025-11-19 14:31:06', '2025-11-19 14:31:06'),
	(165, 13, 'FO', 408, NULL, 419, NULL, 2, '2025-11-19 14:31:06', '2025-11-19 14:31:06'),
	(166, 13, 'FO', 408, NULL, 419, NULL, 3, '2025-11-19 14:31:06', '2025-11-19 14:31:06'),
	(167, 13, 'FO', 409, NULL, 419, NULL, 1, '2025-11-19 14:31:08', '2025-11-19 14:31:08'),
	(168, 13, 'FO', 409, 0, 419, 0, 1, '2025-11-19 14:31:08', '2025-11-19 14:31:08'),
	(169, 13, 'FO', 410, NULL, 419, NULL, 1, '2025-11-19 14:31:09', '2025-11-19 14:31:09'),
	(170, 13, 'FO', 410, 0, 419, 0, 3, '2025-11-19 14:31:09', '2025-11-19 14:31:09'),
	(171, 13, 'FO', 410, NULL, 419, NULL, 2, '2025-11-19 14:31:09', '2025-11-19 14:31:09'),
	(172, 13, 'FO', 410, NULL, 419, NULL, 3, '2025-11-19 14:31:09', '2025-11-19 14:31:09'),
	(173, 13, 'FO', 410, NULL, 420, NULL, 1, '2025-11-19 14:31:10', '2025-11-19 14:31:10'),
	(174, 13, 'FO', 410, 0, 420, 0, 3, '2025-11-19 14:31:11', '2025-11-19 14:31:11'),
	(175, 13, 'FO', 410, NULL, 420, NULL, 2, '2025-11-19 14:31:11', '2025-11-19 14:31:11'),
	(176, 13, 'FO', 410, NULL, 420, NULL, 3, '2025-11-19 14:31:11', '2025-11-19 14:31:11'),
	(177, 13, 'FO', 409, NULL, 420, NULL, 1, '2025-11-19 14:31:12', '2025-11-19 14:31:12'),
	(178, 13, 'FO', 409, 0, 420, 0, 3, '2025-11-19 14:31:12', '2025-11-19 14:31:12'),
	(179, 13, 'FO', 409, NULL, 420, NULL, 2, '2025-11-19 14:31:12', '2025-11-19 14:31:12'),
	(180, 13, 'FO', 409, NULL, 420, NULL, 3, '2025-11-19 14:31:12', '2025-11-19 14:31:12'),
	(181, 13, 'FO', 408, NULL, 420, NULL, 1, '2025-11-19 14:31:13', '2025-11-19 14:31:13'),
	(182, 13, 'FO', 408, 0, 420, 0, 2, '2025-11-19 14:31:13', '2025-11-19 14:31:13'),
	(183, 13, 'FO', 408, NULL, 420, NULL, 2, '2025-11-19 14:31:13', '2025-11-19 14:31:13'),
	(184, 13, 'FA', 408, NULL, NULL, 421, 1, '2025-11-19 14:31:18', '2025-11-19 14:31:18'),
	(185, 13, 'FA', 408, 0, 0, 421, 3, '2025-11-19 14:31:19', '2025-11-19 14:31:19'),
	(186, 13, 'FA', 408, NULL, NULL, 421, 2, '2025-11-19 14:31:19', '2025-11-19 14:31:19'),
	(187, 13, 'FA', 408, NULL, NULL, 421, 3, '2025-11-19 14:31:19', '2025-11-19 14:31:19'),
	(188, 13, 'FA', 409, NULL, NULL, 421, 1, '2025-11-19 14:31:20', '2025-11-19 14:31:20'),
	(189, 13, 'FA', 409, 0, 0, 421, 3, '2025-11-19 14:31:20', '2025-11-19 14:31:20'),
	(190, 13, 'FA', 409, NULL, NULL, 421, 2, '2025-11-19 14:31:20', '2025-11-19 14:31:20'),
	(191, 13, 'FA', 409, NULL, NULL, 421, 3, '2025-11-19 14:31:20', '2025-11-19 14:31:20'),
	(192, 13, 'FA', 410, NULL, NULL, 421, 1, '2025-11-19 14:31:21', '2025-11-19 14:31:21'),
	(193, 13, 'FA', 410, 0, 0, 421, 3, '2025-11-19 14:31:21', '2025-11-19 14:31:21'),
	(194, 13, 'FA', 410, NULL, NULL, 421, 2, '2025-11-19 14:31:21', '2025-11-19 14:31:21'),
	(195, 13, 'FA', 410, NULL, NULL, 421, 3, '2025-11-19 14:31:21', '2025-11-19 14:31:21'),
	(196, 13, 'FA', 409, NULL, NULL, 422, 1, '2025-11-19 14:32:56', '2025-11-19 14:32:56'),
	(197, 13, 'FA', 409, 0, 0, 422, 1, '2025-11-19 14:32:56', '2025-11-19 14:32:56'),
	(198, 13, 'DO', NULL, 411, 418, NULL, 1, '2025-11-19 14:32:58', '2025-11-19 14:32:58'),
	(199, 13, 'DO', 0, 411, 418, 0, 2, '2025-11-19 14:32:58', '2025-11-19 14:32:58'),
	(200, 13, 'DO', NULL, 411, 418, NULL, 2, '2025-11-19 14:32:58', '2025-11-19 14:32:58'),
	(201, 13, 'DO', NULL, 412, 418, NULL, 1, '2025-11-19 14:32:59', '2025-11-19 14:32:59'),
	(202, 13, 'DO', 0, 412, 418, 0, 4, '2025-11-19 14:32:59', '2025-11-19 14:33:00'),
	(203, 13, 'DO', NULL, 412, 418, NULL, 2, '2025-11-19 14:32:59', '2025-11-19 14:32:59'),
	(204, 13, 'DO', NULL, 412, 418, NULL, 3, '2025-11-19 14:32:59', '2025-11-19 14:32:59'),
	(205, 13, 'DO', NULL, 412, 418, NULL, 4, '2025-11-19 14:33:00', '2025-11-19 14:33:00'),
	(206, 13, 'DO', NULL, 413, 418, NULL, 1, '2025-11-19 14:33:00', '2025-11-19 14:33:00'),
	(207, 13, 'DO', 0, 413, 418, 0, 3, '2025-11-19 14:33:00', '2025-11-19 14:33:01'),
	(208, 13, 'DO', NULL, 413, 418, NULL, 2, '2025-11-19 14:33:01', '2025-11-19 14:33:01'),
	(209, 13, 'DO', NULL, 413, 418, NULL, 3, '2025-11-19 14:33:01', '2025-11-19 14:33:01'),
	(210, 13, 'DO', NULL, 411, 419, NULL, 1, '2025-11-19 14:33:02', '2025-11-19 14:33:02'),
	(211, 13, 'DO', 0, 411, 419, 0, 2, '2025-11-19 14:33:02', '2025-11-19 14:33:02'),
	(212, 13, 'DO', NULL, 411, 419, NULL, 2, '2025-11-19 14:33:02', '2025-11-19 14:33:02'),
	(213, 13, 'DO', NULL, 412, 419, NULL, 1, '2025-11-19 14:33:03', '2025-11-19 14:33:03'),
	(214, 13, 'DO', 0, 412, 419, 0, 4, '2025-11-19 14:33:03', '2025-11-19 14:33:04'),
	(215, 13, 'DO', NULL, 412, 419, NULL, 2, '2025-11-19 14:33:03', '2025-11-19 14:33:03'),
	(216, 13, 'DO', NULL, 412, 419, NULL, 3, '2025-11-19 14:33:04', '2025-11-19 14:33:04'),
	(217, 13, 'DO', NULL, 412, 419, NULL, 4, '2025-11-19 14:33:04', '2025-11-19 14:33:04'),
	(218, 13, 'DO', NULL, 413, 419, NULL, 1, '2025-11-19 14:33:05', '2025-11-19 14:33:05'),
	(219, 13, 'DO', 0, 413, 419, 0, 1, '2025-11-19 14:33:05', '2025-11-19 14:33:07'),
	(220, 13, 'DO', NULL, 413, 419, NULL, 2, '2025-11-19 14:33:06', '2025-11-19 14:33:06'),
	(221, 13, 'DO', NULL, 413, 419, NULL, 1, '2025-11-19 14:33:07', '2025-11-19 14:33:07'),
	(222, 13, 'DO', NULL, 411, 420, NULL, 1, '2025-11-19 14:33:07', '2025-11-19 14:33:07'),
	(223, 13, 'DO', 0, 411, 420, 0, 2, '2025-11-19 14:33:08', '2025-11-19 14:33:08'),
	(224, 13, 'DO', NULL, 411, 420, NULL, 2, '2025-11-19 14:33:08', '2025-11-19 14:33:08'),
	(225, 13, 'DO', NULL, 412, 420, NULL, 1, '2025-11-19 14:33:08', '2025-11-19 14:33:08'),
	(226, 13, 'DO', 0, 412, 420, 0, 3, '2025-11-19 14:33:09', '2025-11-19 14:33:09'),
	(227, 13, 'DO', NULL, 412, 420, NULL, 2, '2025-11-19 14:33:09', '2025-11-19 14:33:09'),
	(228, 13, 'DO', NULL, 412, 420, NULL, 3, '2025-11-19 14:33:09', '2025-11-19 14:33:09'),
	(229, 13, 'DO', NULL, 413, 420, NULL, 1, '2025-11-19 14:33:10', '2025-11-19 14:33:10'),
	(230, 13, 'DO', 0, 413, 420, 0, 3, '2025-11-19 14:33:10', '2025-11-19 14:33:10'),
	(231, 13, 'DO', NULL, 413, 420, NULL, 2, '2025-11-19 14:33:10', '2025-11-19 14:33:10'),
	(232, 13, 'DO', NULL, 413, 420, NULL, 3, '2025-11-19 14:33:10', '2025-11-19 14:33:10'),
	(233, 13, 'DA', NULL, 411, NULL, 421, 1, '2025-11-19 14:33:12', '2025-11-19 14:33:12'),
	(234, 13, 'DA', 0, 411, 0, 421, 3, '2025-11-19 14:33:12', '2025-11-19 14:33:12'),
	(235, 13, 'DA', NULL, 411, NULL, 421, 2, '2025-11-19 14:33:12', '2025-11-19 14:33:12'),
	(236, 13, 'DA', NULL, 411, NULL, 421, 3, '2025-11-19 14:33:12', '2025-11-19 14:33:12'),
	(237, 13, 'DA', NULL, 412, NULL, 421, 1, '2025-11-19 14:33:13', '2025-11-19 14:33:13'),
	(238, 13, 'DA', 0, 412, 0, 421, 3, '2025-11-19 14:33:13', '2025-11-19 14:33:13'),
	(239, 13, 'DA', NULL, 412, NULL, 421, 2, '2025-11-19 14:33:13', '2025-11-19 14:33:13'),
	(240, 13, 'DA', NULL, 412, NULL, 421, 3, '2025-11-19 14:33:13', '2025-11-19 14:33:13'),
	(241, 13, 'DA', NULL, 413, NULL, 421, 1, '2025-11-19 14:33:15', '2025-11-19 14:33:15'),
	(242, 13, 'DA', 0, 413, 0, 421, 4, '2025-11-19 14:33:15', '2025-11-19 14:33:16'),
	(243, 13, 'DA', NULL, 413, NULL, 421, 2, '2025-11-19 14:33:16', '2025-11-19 14:33:16'),
	(244, 13, 'DA', NULL, 413, NULL, 421, 3, '2025-11-19 14:33:16', '2025-11-19 14:33:16'),
	(245, 13, 'DA', NULL, 413, NULL, 421, 4, '2025-11-19 14:33:16', '2025-11-19 14:33:16'),
	(246, 13, 'DA', NULL, 413, NULL, 422, 1, '2025-11-19 14:33:17', '2025-11-19 14:33:17'),
	(247, 13, 'DA', 0, 413, 0, 422, 2, '2025-11-19 14:33:17', '2025-11-19 14:33:17'),
	(248, 13, 'DA', NULL, 413, NULL, 422, 2, '2025-11-19 14:33:17', '2025-11-19 14:33:17'),
	(249, 13, 'DA', NULL, 412, NULL, 422, 1, '2025-11-19 14:33:18', '2025-11-19 14:33:18'),
	(250, 13, 'DA', 0, 412, 0, 422, 1, '2025-11-19 14:33:18', '2025-11-19 14:33:18'),
	(251, 13, 'DA', NULL, 411, NULL, 422, 1, '2025-11-19 14:33:19', '2025-11-19 14:33:19'),
	(252, 13, 'DA', 0, 411, 0, 422, 4, '2025-11-19 14:33:19', '2025-11-19 14:33:20'),
	(253, 13, 'DA', NULL, 411, NULL, 422, 2, '2025-11-19 14:33:19', '2025-11-19 14:33:19'),
	(254, 13, 'DA', NULL, 411, NULL, 422, 3, '2025-11-19 14:33:19', '2025-11-19 14:33:19'),
	(255, 13, 'DA', NULL, 411, NULL, 422, 4, '2025-11-19 14:33:20', '2025-11-19 14:33:20'),
	(256, 14, 'FO', 425, NULL, 434, NULL, 1, '2025-11-19 20:19:49', '2025-11-19 20:19:49'),
	(257, 14, 'FO', 425, 0, 434, 0, 1, '2025-11-19 20:19:49', '2025-11-20 08:55:16'),
	(258, 14, 'FO', 425, NULL, 434, NULL, 2, '2025-11-19 20:19:49', '2025-11-19 20:19:49'),
	(259, 14, 'FO', 425, NULL, 434, NULL, 3, '2025-11-19 20:19:49', '2025-11-19 20:19:49'),
	(260, 14, 'FO', 426, NULL, 434, NULL, 1, '2025-11-19 20:19:50', '2025-11-19 20:19:50'),
	(261, 14, 'FO', 426, 0, 434, 0, 1, '2025-11-19 20:19:50', '2025-11-20 08:55:18'),
	(262, 14, 'FO', 426, NULL, 434, NULL, 2, '2025-11-19 20:19:51', '2025-11-19 20:19:51'),
	(263, 14, 'FO', 427, NULL, 434, NULL, 1, '2025-11-19 20:19:53', '2025-11-19 20:19:53'),
	(264, 14, 'FO', 427, 0, 434, 0, 1, '2025-11-19 20:19:53', '2025-11-20 08:55:19'),
	(265, 14, 'FO', 425, NULL, 435, NULL, 1, '2025-11-19 20:19:55', '2025-11-19 20:19:55'),
	(266, 14, 'FO', 425, 0, 435, 0, 1, '2025-11-19 20:19:55', '2025-11-20 08:55:23'),
	(267, 14, 'FO', 425, NULL, 435, NULL, 2, '2025-11-19 20:19:55', '2025-11-19 20:19:55'),
	(268, 14, 'FO', 425, NULL, 435, NULL, 3, '2025-11-19 20:19:55', '2025-11-19 20:19:55'),
	(269, 14, 'FO', 426, NULL, 435, NULL, 1, '2025-11-19 20:19:56', '2025-11-19 20:19:56'),
	(270, 14, 'FO', 426, 0, 435, 0, 1, '2025-11-19 20:19:56', '2025-11-20 08:55:22'),
	(271, 14, 'FO', 426, NULL, 435, NULL, 2, '2025-11-19 20:19:56', '2025-11-19 20:19:56'),
	(272, 14, 'FO', 426, NULL, 435, NULL, 3, '2025-11-19 20:19:56', '2025-11-19 20:19:56'),
	(273, 14, 'FO', 427, NULL, 435, NULL, 1, '2025-11-19 20:19:57', '2025-11-19 20:19:57'),
	(274, 14, 'FO', 427, 0, 435, 0, 1, '2025-11-19 20:19:57', '2025-11-20 08:55:21'),
	(275, 14, 'FO', 427, NULL, 435, NULL, 2, '2025-11-19 20:19:57', '2025-11-19 20:19:57'),
	(276, 14, 'FO', 427, NULL, 435, NULL, 3, '2025-11-19 20:19:58', '2025-11-19 20:19:58'),
	(277, 14, 'FA', 425, NULL, NULL, 436, 1, '2025-11-19 20:19:59', '2025-11-19 20:19:59'),
	(278, 14, 'FA', 425, 0, 0, 436, 1, '2025-11-19 20:19:59', '2025-11-20 08:55:25'),
	(279, 14, 'FA', 425, NULL, NULL, 436, 2, '2025-11-19 20:20:00', '2025-11-19 20:20:00'),
	(280, 14, 'FA', 425, NULL, NULL, 436, 3, '2025-11-19 20:20:00', '2025-11-19 20:20:00'),
	(281, 14, 'FA', 426, NULL, NULL, 436, 1, '2025-11-19 20:20:02', '2025-11-19 20:20:02'),
	(282, 14, 'FA', 426, 0, 0, 436, 1, '2025-11-19 20:20:02', '2025-11-20 08:55:27'),
	(283, 14, 'FA', 426, NULL, NULL, 436, 2, '2025-11-19 20:20:02', '2025-11-19 20:20:02'),
	(284, 14, 'FA', 426, NULL, NULL, 436, 3, '2025-11-19 20:20:03', '2025-11-19 20:20:03'),
	(285, 14, 'FA', 427, NULL, NULL, 436, 1, '2025-11-19 20:20:04', '2025-11-19 20:20:04'),
	(286, 14, 'FA', 427, 0, 0, 436, 2, '2025-11-19 20:20:04', '2025-11-20 08:55:28'),
	(287, 14, 'FA', 427, NULL, NULL, 436, 2, '2025-11-19 20:20:04', '2025-11-19 20:20:04'),
	(288, 14, 'FA', 427, NULL, NULL, 436, 3, '2025-11-19 20:20:04', '2025-11-19 20:20:04'),
	(289, 14, 'FA', 427, NULL, NULL, 437, 1, '2025-11-19 20:20:05', '2025-11-19 20:20:05'),
	(290, 14, 'FA', 427, 0, 0, 437, 2, '2025-11-19 20:20:05', '2025-11-20 08:55:29'),
	(291, 14, 'FA', 427, NULL, NULL, 437, 2, '2025-11-19 20:20:06', '2025-11-19 20:20:06'),
	(292, 14, 'FA', 427, NULL, NULL, 437, 3, '2025-11-19 20:20:06', '2025-11-19 20:20:06'),
	(293, 14, 'FA', 426, NULL, NULL, 437, 1, '2025-11-19 20:20:06', '2025-11-19 20:20:06'),
	(294, 14, 'FA', 426, 0, 0, 437, 1, '2025-11-19 20:20:07', '2025-11-20 08:54:59'),
	(295, 14, 'FA', 426, NULL, NULL, 437, 2, '2025-11-19 20:20:07', '2025-11-19 20:20:07'),
	(296, 14, 'FA', 425, NULL, NULL, 437, 1, '2025-11-19 20:20:07', '2025-11-19 20:20:07'),
	(297, 14, 'FA', 425, 0, 0, 437, 2, '2025-11-19 20:20:07', '2025-11-20 08:55:30'),
	(298, 14, 'FA', 425, NULL, NULL, 437, 2, '2025-11-19 20:20:07', '2025-11-19 20:20:07'),
	(299, 14, 'DO', NULL, 428, 434, NULL, 1, '2025-11-19 20:20:10', '2025-11-19 20:20:10'),
	(300, 14, 'DO', 0, 428, 434, 0, 1, '2025-11-19 20:20:10', '2025-11-20 08:55:33'),
	(301, 14, 'DO', NULL, 428, 434, NULL, 2, '2025-11-19 20:20:10', '2025-11-19 20:20:10'),
	(302, 14, 'DO', NULL, 429, 434, NULL, 1, '2025-11-19 20:20:11', '2025-11-19 20:20:11'),
	(303, 14, 'DO', 0, 429, 434, 0, 4, '2025-11-19 20:20:11', '2025-11-20 08:47:50'),
	(304, 14, 'DO', NULL, 429, 434, NULL, 2, '2025-11-19 20:20:11', '2025-11-19 20:20:11'),
	(305, 14, 'DO', NULL, 430, 434, NULL, 1, '2025-11-19 20:20:12', '2025-11-19 20:20:12'),
	(306, 14, 'DO', 0, 430, 434, 0, 2, '2025-11-19 20:20:12', '2025-11-20 08:55:35'),
	(307, 14, 'DO', NULL, 430, 434, NULL, 2, '2025-11-19 20:20:12', '2025-11-19 20:20:12'),
	(308, 14, 'DO', NULL, 430, 434, NULL, 3, '2025-11-19 20:20:12', '2025-11-19 20:20:12'),
	(309, 14, 'DO', NULL, 430, 435, NULL, 1, '2025-11-19 20:20:14', '2025-11-19 20:20:14'),
	(310, 14, 'DO', 0, 430, 435, 0, 4, '2025-11-19 20:20:14', '2025-11-20 08:47:55'),
	(311, 14, 'DO', NULL, 430, 435, NULL, 2, '2025-11-19 20:20:14', '2025-11-19 20:20:14'),
	(312, 14, 'DO', NULL, 429, 435, NULL, 1, '2025-11-19 20:20:14', '2025-11-19 20:20:14'),
	(313, 14, 'DO', 0, 429, 435, 0, 2, '2025-11-19 20:20:14', '2025-11-20 08:55:37'),
	(314, 14, 'DO', NULL, 429, 435, NULL, 2, '2025-11-19 20:20:14', '2025-11-19 20:20:14'),
	(315, 14, 'DO', NULL, 428, 435, NULL, 1, '2025-11-19 20:20:15', '2025-11-19 20:20:15'),
	(316, 14, 'DO', 0, 428, 435, 0, 4, '2025-11-19 20:20:15', '2025-11-20 08:47:53'),
	(317, 14, 'DA', NULL, 428, NULL, 436, 1, '2025-11-19 20:20:24', '2025-11-19 20:20:24'),
	(318, 14, 'DA', 0, 428, 0, 436, 4, '2025-11-19 20:20:24', '2025-11-20 08:47:57'),
	(319, 14, 'DA', NULL, 428, NULL, 436, 2, '2025-11-19 20:20:24', '2025-11-19 20:20:24'),
	(320, 14, 'DA', NULL, 429, NULL, 436, 1, '2025-11-19 20:20:26', '2025-11-19 20:20:26'),
	(321, 14, 'DA', 0, 429, 0, 436, 4, '2025-11-19 20:20:26', '2025-11-20 08:47:58'),
	(322, 14, 'DA', NULL, 430, NULL, 436, 1, '2025-11-19 20:20:27', '2025-11-19 20:20:27'),
	(323, 14, 'DA', 0, 430, 0, 436, 1, '2025-11-19 20:20:27', '2025-11-20 08:55:42'),
	(324, 14, 'DA', NULL, 430, NULL, 436, 2, '2025-11-19 20:20:27', '2025-11-19 20:20:27'),
	(325, 14, 'DA', NULL, 430, NULL, 436, 3, '2025-11-19 20:20:27', '2025-11-19 20:20:27'),
	(326, 14, 'DA', NULL, 428, NULL, 437, 1, '2025-11-19 20:20:28', '2025-11-19 20:20:28'),
	(327, 14, 'DA', 0, 428, 0, 437, 4, '2025-11-19 20:20:28', '2025-11-20 08:48:01'),
	(328, 14, 'DA', NULL, 428, NULL, 437, 2, '2025-11-19 20:20:28', '2025-11-19 20:20:28'),
	(329, 14, 'DA', NULL, 428, NULL, 437, 3, '2025-11-19 20:20:28', '2025-11-19 20:20:28'),
	(330, 14, 'DA', NULL, 428, NULL, 437, 4, '2025-11-19 20:20:28', '2025-11-19 20:20:28'),
	(331, 14, 'DA', NULL, 429, NULL, 437, 1, '2025-11-19 20:20:29', '2025-11-19 20:20:29'),
	(332, 14, 'DA', 0, 429, 0, 437, 2, '2025-11-19 20:20:29', '2025-11-20 08:55:39'),
	(333, 14, 'DA', NULL, 429, NULL, 437, 2, '2025-11-19 20:20:29', '2025-11-19 20:20:29'),
	(334, 14, 'DA', NULL, 429, NULL, 437, 3, '2025-11-19 20:20:29', '2025-11-19 20:20:29'),
	(335, 14, 'DA', NULL, 429, NULL, 437, 4, '2025-11-19 20:20:29', '2025-11-19 20:20:29'),
	(336, 14, 'DA', NULL, 430, NULL, 437, 1, '2025-11-19 20:20:30', '2025-11-19 20:20:30'),
	(337, 14, 'DA', 0, 430, 0, 437, 0, '2025-11-19 20:20:30', '2025-11-20 08:55:40'),
	(338, 14, 'DA', NULL, 430, NULL, 437, 2, '2025-11-19 20:20:30', '2025-11-19 20:20:30'),
	(339, 14, 'DA', NULL, 430, NULL, 437, 3, '2025-11-19 20:20:30', '2025-11-19 20:20:30'),
	(340, 14, 'DA', NULL, 430, NULL, 437, 4, '2025-11-19 20:20:31', '2025-11-19 20:20:31'),
	(341, 14, 'DA', NULL, 430, NULL, 436, 4, '2025-11-19 20:26:17', '2025-11-19 20:26:17'),
	(342, 14, 'DA', NULL, 430, NULL, 436, 3, '2025-11-19 20:26:20', '2025-11-19 20:26:20'),
	(343, 14, 'DA', NULL, 429, NULL, 436, 2, '2025-11-19 20:27:03', '2025-11-19 20:27:03'),
	(344, 14, 'DA', NULL, 429, NULL, 436, 1, '2025-11-19 20:27:03', '2025-11-19 20:27:03'),
	(345, 14, 'DO', NULL, 429, 434, NULL, 0, '2025-11-19 20:27:05', '2025-11-19 20:27:05'),
	(346, 14, 'FA', 425, NULL, NULL, 436, 4, '2025-11-19 20:27:07', '2025-11-19 20:27:07'),
	(347, 14, 'FA', 426, NULL, NULL, 436, 2, '2025-11-19 20:27:10', '2025-11-19 20:27:10'),
	(348, 14, 'FA', 426, NULL, NULL, 436, 1, '2025-11-19 20:27:10', '2025-11-19 20:27:10'),
	(349, 14, 'FA', 426, NULL, NULL, 436, 0, '2025-11-19 20:27:10', '2025-11-19 20:27:10'),
	(350, 14, 'FA', 426, NULL, NULL, 436, 1, '2025-11-19 20:27:11', '2025-11-19 20:27:11'),
	(351, 14, 'FA', 426, NULL, NULL, 436, 2, '2025-11-19 20:27:11', '2025-11-19 20:27:11'),
	(352, 14, 'FA', 426, NULL, NULL, 436, 3, '2025-11-19 20:27:11', '2025-11-19 20:27:11'),
	(353, 14, 'FA', 426, NULL, NULL, 436, 4, '2025-11-19 20:27:11', '2025-11-19 20:27:11'),
	(354, 14, 'FA', 426, NULL, NULL, 436, 2, '2025-11-19 20:27:31', '2025-11-19 20:27:31'),
	(355, 14, 'FA', 426, NULL, NULL, 436, 3, '2025-11-19 20:27:31', '2025-11-19 20:27:31'),
	(356, 14, 'FA', 426, NULL, NULL, 436, 4, '2025-11-19 20:27:31', '2025-11-19 20:27:31'),
	(357, 14, 'FA', 427, NULL, NULL, 436, 2, '2025-11-19 20:27:32', '2025-11-19 20:27:32'),
	(358, 14, 'FA', 427, NULL, NULL, 436, 3, '2025-11-19 20:27:32', '2025-11-19 20:27:32'),
	(359, 14, 'FA', 427, NULL, NULL, 436, 4, '2025-11-19 20:27:32', '2025-11-19 20:27:32'),
	(360, 14, 'FA', 427, NULL, NULL, 437, 3, '2025-11-19 20:27:34', '2025-11-19 20:27:34'),
	(361, 14, 'FA', 427, NULL, NULL, 437, 4, '2025-11-19 20:27:34', '2025-11-19 20:27:34'),
	(362, 14, 'FA', 426, NULL, NULL, 437, 3, '2025-11-19 20:27:35', '2025-11-19 20:27:35'),
	(363, 14, 'FA', 426, NULL, NULL, 437, 4, '2025-11-19 20:27:35', '2025-11-19 20:27:35'),
	(364, 14, 'FA', 425, NULL, NULL, 437, 1, '2025-11-19 20:27:36', '2025-11-19 20:27:36'),
	(365, 14, 'FA', 425, NULL, NULL, 437, 0, '2025-11-19 20:27:36', '2025-11-19 20:27:36'),
	(366, 14, 'FA', 425, NULL, NULL, 437, 1, '2025-11-19 20:27:36', '2025-11-19 20:27:36'),
	(367, 14, 'FA', 425, NULL, NULL, 437, 2, '2025-11-19 20:27:36', '2025-11-19 20:27:36'),
	(368, 14, 'FA', 425, NULL, NULL, 437, 3, '2025-11-19 20:27:37', '2025-11-19 20:27:37'),
	(369, 14, 'FA', 425, NULL, NULL, 437, 4, '2025-11-19 20:27:37', '2025-11-19 20:27:37'),
	(370, 14, 'FO', 425, NULL, 434, NULL, 4, '2025-11-20 08:46:28', '2025-11-20 08:46:28'),
	(371, 14, 'FO', 426, NULL, 434, NULL, 3, '2025-11-20 08:46:30', '2025-11-20 08:46:30'),
	(372, 14, 'FO', 426, NULL, 434, NULL, 4, '2025-11-20 08:46:30', '2025-11-20 08:46:30'),
	(373, 14, 'FO', 427, NULL, 434, NULL, 2, '2025-11-20 08:46:31', '2025-11-20 08:46:31'),
	(374, 14, 'FO', 427, NULL, 434, NULL, 3, '2025-11-20 08:46:31', '2025-11-20 08:46:31'),
	(375, 14, 'FO', 427, NULL, 434, NULL, 4, '2025-11-20 08:46:32', '2025-11-20 08:46:32'),
	(376, 14, 'FO', 425, NULL, 435, NULL, 4, '2025-11-20 08:46:33', '2025-11-20 08:46:33'),
	(377, 14, 'FO', 426, NULL, 435, NULL, 2, '2025-11-20 08:46:34', '2025-11-20 08:46:34'),
	(378, 14, 'FO', 426, NULL, 435, NULL, 3, '2025-11-20 08:46:34', '2025-11-20 08:46:34'),
	(379, 14, 'FO', 426, NULL, 435, NULL, 4, '2025-11-20 08:46:35', '2025-11-20 08:46:35'),
	(380, 14, 'FO', 427, NULL, 435, NULL, 4, '2025-11-20 08:46:35', '2025-11-20 08:46:35'),
	(381, 14, 'FO', 426, NULL, 434, NULL, 4, '2025-11-20 08:47:45', '2025-11-20 08:47:45'),
	(382, 14, 'DO', NULL, 428, 434, NULL, 4, '2025-11-20 08:47:47', '2025-11-20 08:47:47'),
	(383, 14, 'DO', NULL, 429, 434, NULL, 4, '2025-11-20 08:47:50', '2025-11-20 08:47:50'),
	(384, 14, 'DO', NULL, 430, 434, NULL, 4, '2025-11-20 08:47:51', '2025-11-20 08:47:51'),
	(385, 14, 'DO', NULL, 428, 435, NULL, 4, '2025-11-20 08:47:53', '2025-11-20 08:47:53'),
	(386, 14, 'DO', NULL, 429, 435, NULL, 4, '2025-11-20 08:47:53', '2025-11-20 08:47:53'),
	(387, 14, 'DO', NULL, 430, 435, NULL, 4, '2025-11-20 08:47:54', '2025-11-20 08:47:54'),
	(388, 14, 'DA', NULL, 428, NULL, 436, 4, '2025-11-20 08:47:56', '2025-11-20 08:47:56'),
	(389, 14, 'DA', NULL, 429, NULL, 436, 4, '2025-11-20 08:47:57', '2025-11-20 08:47:57'),
	(390, 14, 'DA', NULL, 430, NULL, 436, 4, '2025-11-20 08:47:59', '2025-11-20 08:47:59'),
	(391, 14, 'DA', NULL, 428, NULL, 437, 4, '2025-11-20 08:48:00', '2025-11-20 08:48:00'),
	(392, 14, 'FA', 426, NULL, NULL, 437, 4, '2025-11-20 08:48:06', '2025-11-20 08:48:06'),
	(393, 14, 'FA', 427, NULL, NULL, 436, 3, '2025-11-20 08:54:05', '2025-11-20 08:54:05'),
	(394, 14, 'FA', 427, NULL, NULL, 436, 4, '2025-11-20 08:54:06', '2025-11-20 08:54:06'),
	(395, 14, 'DA', NULL, 429, NULL, 437, 2, '2025-11-20 08:54:09', '2025-11-20 08:54:09'),
	(396, 14, 'DA', NULL, 429, NULL, 437, 3, '2025-11-20 08:54:09', '2025-11-20 08:54:09'),
	(397, 14, 'DA', NULL, 429, NULL, 437, 4, '2025-11-20 08:54:09', '2025-11-20 08:54:09'),
	(398, 14, 'FA', 425, NULL, NULL, 436, 3, '2025-11-20 08:54:52', '2025-11-20 08:54:52'),
	(399, 14, 'FA', 425, NULL, NULL, 436, 2, '2025-11-20 08:54:52', '2025-11-20 08:54:52'),
	(400, 14, 'FA', 426, NULL, NULL, 436, 3, '2025-11-20 08:54:53', '2025-11-20 08:54:53'),
	(401, 14, 'FA', 426, NULL, NULL, 436, 2, '2025-11-20 08:54:53', '2025-11-20 08:54:53'),
	(402, 14, 'FA', 427, NULL, NULL, 436, 3, '2025-11-20 08:54:54', '2025-11-20 08:54:54'),
	(403, 14, 'FA', 427, NULL, NULL, 437, 3, '2025-11-20 08:54:56', '2025-11-20 08:54:56'),
	(404, 14, 'FA', 427, NULL, NULL, 437, 2, '2025-11-20 08:54:56', '2025-11-20 08:54:56'),
	(405, 14, 'FA', 426, NULL, NULL, 437, 3, '2025-11-20 08:54:57', '2025-11-20 08:54:57'),
	(406, 14, 'FA', 426, NULL, NULL, 437, 2, '2025-11-20 08:54:58', '2025-11-20 08:54:58'),
	(407, 14, 'FA', 426, NULL, NULL, 437, 1, '2025-11-20 08:54:58', '2025-11-20 08:54:58'),
	(408, 14, 'FA', 426, NULL, NULL, 437, 0, '2025-11-20 08:54:58', '2025-11-20 08:54:58'),
	(409, 14, 'FA', 426, NULL, NULL, 437, 1, '2025-11-20 08:54:59', '2025-11-20 08:54:59'),
	(410, 14, 'FO', 425, NULL, 434, NULL, 3, '2025-11-20 08:55:16', '2025-11-20 08:55:16'),
	(411, 14, 'FO', 425, NULL, 434, NULL, 2, '2025-11-20 08:55:16', '2025-11-20 08:55:16'),
	(412, 14, 'FO', 425, NULL, 434, NULL, 1, '2025-11-20 08:55:16', '2025-11-20 08:55:16'),
	(413, 14, 'FO', 426, NULL, 434, NULL, 3, '2025-11-20 08:55:17', '2025-11-20 08:55:17'),
	(414, 14, 'FO', 426, NULL, 434, NULL, 2, '2025-11-20 08:55:17', '2025-11-20 08:55:17'),
	(415, 14, 'FO', 426, NULL, 434, NULL, 1, '2025-11-20 08:55:18', '2025-11-20 08:55:18'),
	(416, 14, 'FO', 427, NULL, 434, NULL, 3, '2025-11-20 08:55:18', '2025-11-20 08:55:18'),
	(417, 14, 'FO', 427, NULL, 434, NULL, 2, '2025-11-20 08:55:19', '2025-11-20 08:55:19'),
	(418, 14, 'FO', 427, NULL, 434, NULL, 1, '2025-11-20 08:55:19', '2025-11-20 08:55:19'),
	(419, 14, 'FO', 427, NULL, 435, NULL, 3, '2025-11-20 08:55:20', '2025-11-20 08:55:20'),
	(420, 14, 'FO', 427, NULL, 435, NULL, 2, '2025-11-20 08:55:20', '2025-11-20 08:55:20'),
	(421, 14, 'FO', 427, NULL, 435, NULL, 1, '2025-11-20 08:55:21', '2025-11-20 08:55:21'),
	(422, 14, 'FO', 426, NULL, 435, NULL, 3, '2025-11-20 08:55:21', '2025-11-20 08:55:21'),
	(423, 14, 'FO', 426, NULL, 435, NULL, 2, '2025-11-20 08:55:22', '2025-11-20 08:55:22'),
	(424, 14, 'FO', 426, NULL, 435, NULL, 1, '2025-11-20 08:55:22', '2025-11-20 08:55:22'),
	(425, 14, 'FO', 425, NULL, 435, NULL, 3, '2025-11-20 08:55:23', '2025-11-20 08:55:23'),
	(426, 14, 'FO', 425, NULL, 435, NULL, 2, '2025-11-20 08:55:23', '2025-11-20 08:55:23'),
	(427, 14, 'FO', 425, NULL, 435, NULL, 1, '2025-11-20 08:55:23', '2025-11-20 08:55:23'),
	(428, 14, 'FA', 425, NULL, NULL, 436, 2, '2025-11-20 08:55:25', '2025-11-20 08:55:25'),
	(429, 14, 'FA', 425, NULL, NULL, 436, 1, '2025-11-20 08:55:25', '2025-11-20 08:55:25'),
	(430, 14, 'FA', 426, NULL, NULL, 436, 1, '2025-11-20 08:55:27', '2025-11-20 08:55:27'),
	(431, 14, 'FA', 427, NULL, NULL, 436, 2, '2025-11-20 08:55:28', '2025-11-20 08:55:28'),
	(432, 14, 'FA', 427, NULL, NULL, 437, 2, '2025-11-20 08:55:29', '2025-11-20 08:55:29'),
	(433, 14, 'FA', 425, NULL, NULL, 437, 2, '2025-11-20 08:55:30', '2025-11-20 08:55:30'),
	(434, 14, 'DO', NULL, 428, 434, NULL, 3, '2025-11-20 08:55:32', '2025-11-20 08:55:32'),
	(435, 14, 'DO', NULL, 428, 434, NULL, 2, '2025-11-20 08:55:32', '2025-11-20 08:55:32'),
	(436, 14, 'DO', NULL, 428, 434, NULL, 1, '2025-11-20 08:55:33', '2025-11-20 08:55:33'),
	(437, 14, 'DO', NULL, 430, 434, NULL, 3, '2025-11-20 08:55:35', '2025-11-20 08:55:35'),
	(438, 14, 'DO', NULL, 430, 434, NULL, 2, '2025-11-20 08:55:35', '2025-11-20 08:55:35'),
	(439, 14, 'DO', NULL, 429, 435, NULL, 3, '2025-11-20 08:55:37', '2025-11-20 08:55:37'),
	(440, 14, 'DO', NULL, 429, 435, NULL, 2, '2025-11-20 08:55:37', '2025-11-20 08:55:37'),
	(441, 14, 'DA', NULL, 429, NULL, 437, 3, '2025-11-20 08:55:38', '2025-11-20 08:55:38'),
	(442, 14, 'DA', NULL, 429, NULL, 437, 2, '2025-11-20 08:55:39', '2025-11-20 08:55:39'),
	(443, 14, 'DA', NULL, 430, NULL, 437, 3, '2025-11-20 08:55:40', '2025-11-20 08:55:40'),
	(444, 14, 'DA', NULL, 430, NULL, 437, 2, '2025-11-20 08:55:40', '2025-11-20 08:55:40'),
	(445, 14, 'DA', NULL, 430, NULL, 437, 1, '2025-11-20 08:55:40', '2025-11-20 08:55:40'),
	(446, 14, 'DA', NULL, 430, NULL, 437, 0, '2025-11-20 08:55:40', '2025-11-20 08:55:40'),
	(447, 14, 'DA', NULL, 430, NULL, 436, 3, '2025-11-20 08:55:42', '2025-11-20 08:55:42'),
	(448, 14, 'DA', NULL, 430, NULL, 436, 2, '2025-11-20 08:55:42', '2025-11-20 08:55:42'),
	(449, 14, 'DA', NULL, 430, NULL, 436, 1, '2025-11-20 08:55:42', '2025-11-20 08:55:42');

-- Volcando datos para la tabla planmaster.project_values: ~31 rows (aproximadamente)
INSERT INTO `project_values` (`id`, `project_id`, `value_text`, `value_order`, `created_at`, `updated_at`) VALUES
	(1, 6, 'Integridad', 1, '2025-09-18 18:48:55', '2025-09-18 18:48:55'),
	(2, 6, 'Compromiso', 2, '2025-09-18 18:48:55', '2025-09-18 18:48:55'),
	(3, 6, 'Innovación', 3, '2025-09-18 18:48:55', '2025-09-18 18:48:55'),
	(10, 5, 'Integridad', 1, '2025-10-22 22:37:54', '2025-10-22 22:37:54'),
	(11, 5, 'Compromiso', 2, '2025-10-22 22:37:54', '2025-10-22 22:37:54'),
	(12, 5, 'Innovación', 3, '2025-10-22 22:37:54', '2025-10-22 22:37:54'),
	(13, 8, 'Accesibilidad Universal', 1, '2025-10-23 12:12:50', '2025-10-23 12:12:50'),
	(14, 8, 'Privacidad y Seguridad', 2, '2025-10-23 12:12:50', '2025-10-23 12:12:50'),
	(15, 8, 'Innovación Responsable', 3, '2025-10-23 12:12:50', '2025-10-23 12:12:50'),
	(16, 8, 'Educación y Empoderamiento', 4, '2025-10-23 12:12:50', '2025-10-23 12:12:50'),
	(17, 8, 'Impacto Social Positivo', 5, '2025-10-23 12:12:50', '2025-10-23 12:12:50'),
	(18, 8, 'Excelencia y Calidad', 6, '2025-10-23 12:12:50', '2025-10-23 12:12:50'),
	(19, 9, 'Integridad', 1, '2025-10-23 23:09:13', '2025-10-23 23:09:13'),
	(20, 9, 'Innovación', 2, '2025-10-23 23:09:13', '2025-10-23 23:09:13'),
	(21, 9, 'Compromiso', 3, '2025-10-23 23:09:13', '2025-10-23 23:09:13'),
	(22, 9, 'Excelencia', 4, '2025-10-23 23:09:13', '2025-10-23 23:09:13'),
	(23, 11, 'Integridad', 1, '2025-11-05 16:52:52', '2025-11-05 16:52:52'),
	(24, 11, 'Compromiso', 2, '2025-11-05 16:52:52', '2025-11-05 16:52:52'),
	(25, 11, 'Etica', 3, '2025-11-05 16:52:52', '2025-11-05 16:52:52'),
	(34, 12, 'Integridad', 1, '2025-11-07 00:08:02', '2025-11-07 00:08:02'),
	(35, 12, 'Compromiso', 2, '2025-11-07 00:08:02', '2025-11-07 00:08:02'),
	(36, 12, 'Autoestima', 3, '2025-11-07 00:08:02', '2025-11-07 00:08:02'),
	(37, 12, 'Empatia', 4, '2025-11-07 00:08:02', '2025-11-07 00:08:02'),
	(38, 13, 'Integriadad', 1, '2025-11-19 14:21:35', '2025-11-19 14:21:35'),
	(39, 13, 'Compromiso', 2, '2025-11-19 14:21:35', '2025-11-19 14:21:35'),
	(40, 13, 'Innovación', 3, '2025-11-19 14:21:35', '2025-11-19 14:21:35'),
	(41, 13, 'Esperanza', 4, '2025-11-19 14:21:35', '2025-11-19 14:21:35'),
	(42, 14, 'Integridad', 1, '2025-11-19 20:14:22', '2025-11-19 20:14:22'),
	(43, 14, 'Compromiso', 2, '2025-11-19 20:14:22', '2025-11-19 20:14:22'),
	(44, 14, 'Innovación', 3, '2025-11-19 20:14:22', '2025-11-19 20:14:22'),
	(45, 14, 'Masicidad', 4, '2025-11-19 20:14:22', '2025-11-19 20:14:22');

-- Volcando datos para la tabla planmaster.project_value_chain: ~200 rows (aproximadamente)
INSERT INTO `project_value_chain` (`id`, `project_id`, `question_number`, `rating`, `created_at`, `updated_at`) VALUES
	(1, 7, 1, 2, '2025-10-01 04:28:18', '2025-10-01 04:28:18'),
	(2, 7, 2, 3, '2025-10-01 04:28:18', '2025-10-01 04:28:18'),
	(3, 7, 3, 1, '2025-10-01 04:28:18', '2025-10-01 04:28:18'),
	(4, 7, 4, 3, '2025-10-01 04:28:18', '2025-10-01 04:28:18'),
	(5, 7, 5, 2, '2025-10-01 04:28:18', '2025-10-01 04:28:18'),
	(6, 7, 6, 2, '2025-10-01 04:28:18', '2025-10-01 04:28:18'),
	(7, 7, 7, 2, '2025-10-01 04:28:18', '2025-10-01 04:28:18'),
	(8, 7, 8, 2, '2025-10-01 04:28:18', '2025-10-01 04:28:18'),
	(9, 7, 9, 2, '2025-10-01 04:28:18', '2025-10-01 04:28:18'),
	(10, 7, 10, 2, '2025-10-01 04:28:18', '2025-10-01 04:28:18'),
	(11, 7, 11, 2, '2025-10-01 04:28:18', '2025-10-01 04:28:18'),
	(12, 7, 12, 1, '2025-10-01 04:28:18', '2025-10-01 04:28:18'),
	(13, 7, 13, 2, '2025-10-01 04:28:18', '2025-10-01 04:28:18'),
	(14, 7, 14, 3, '2025-10-01 04:28:18', '2025-10-01 04:28:18'),
	(15, 7, 15, 1, '2025-10-01 04:28:18', '2025-10-01 04:28:18'),
	(16, 7, 16, 2, '2025-10-01 04:28:18', '2025-10-01 04:28:18'),
	(17, 7, 17, 3, '2025-10-01 04:28:18', '2025-10-01 04:28:18'),
	(18, 7, 18, 4, '2025-10-01 04:28:18', '2025-10-01 04:28:18'),
	(19, 7, 19, 4, '2025-10-01 04:28:18', '2025-10-01 04:28:18'),
	(20, 7, 20, 4, '2025-10-01 04:28:18', '2025-10-01 04:28:18'),
	(21, 7, 21, 4, '2025-10-01 04:28:18', '2025-10-01 04:28:18'),
	(22, 7, 22, 4, '2025-10-01 04:28:18', '2025-10-01 04:28:18'),
	(23, 7, 23, 2, '2025-10-01 04:28:18', '2025-10-01 04:28:18'),
	(24, 7, 24, 2, '2025-10-01 04:28:18', '2025-10-01 04:28:18'),
	(25, 7, 25, 2, '2025-10-01 04:28:19', '2025-10-01 04:28:19'),
	(26, 8, 1, 3, '2025-10-01 22:42:00', '2025-10-01 22:42:00'),
	(27, 8, 2, 2, '2025-10-01 22:42:00', '2025-10-01 22:42:00'),
	(28, 8, 3, 3, '2025-10-01 22:42:00', '2025-10-01 22:42:00'),
	(29, 8, 4, 3, '2025-10-01 22:42:00', '2025-10-01 22:42:00'),
	(30, 8, 5, 3, '2025-10-01 22:42:00', '2025-10-01 22:42:00'),
	(31, 8, 6, 3, '2025-10-01 22:42:00', '2025-10-01 22:42:00'),
	(32, 8, 7, 3, '2025-10-01 22:42:00', '2025-10-01 22:42:00'),
	(33, 8, 8, 3, '2025-10-01 22:42:00', '2025-10-01 22:42:00'),
	(34, 8, 9, 2, '2025-10-01 22:42:00', '2025-10-01 22:42:00'),
	(35, 8, 10, 2, '2025-10-01 22:42:00', '2025-10-01 22:42:00'),
	(36, 8, 11, 3, '2025-10-01 22:42:00', '2025-10-01 22:42:00'),
	(37, 8, 12, 3, '2025-10-01 22:42:00', '2025-10-01 22:42:00'),
	(38, 8, 13, 3, '2025-10-01 22:42:00', '2025-10-01 22:42:00'),
	(39, 8, 14, 3, '2025-10-01 22:42:00', '2025-10-01 22:42:00'),
	(40, 8, 15, 3, '2025-10-01 22:42:00', '2025-10-01 22:42:00'),
	(41, 8, 16, 3, '2025-10-01 22:42:00', '2025-10-01 22:42:00'),
	(42, 8, 17, 3, '2025-10-01 22:42:00', '2025-10-01 22:42:00'),
	(43, 8, 18, 3, '2025-10-01 22:42:00', '2025-10-01 22:42:00'),
	(44, 8, 19, 3, '2025-10-01 22:42:00', '2025-10-01 22:42:00'),
	(45, 8, 20, 3, '2025-10-01 22:42:00', '2025-10-01 22:42:00'),
	(46, 8, 21, 3, '2025-10-01 22:42:00', '2025-10-01 22:42:00'),
	(47, 8, 22, 3, '2025-10-01 22:42:00', '2025-10-01 22:42:00'),
	(48, 8, 23, 3, '2025-10-01 22:42:00', '2025-10-01 22:42:00'),
	(49, 8, 24, 3, '2025-10-01 22:42:00', '2025-10-01 22:42:00'),
	(50, 8, 25, 3, '2025-10-01 22:42:00', '2025-10-01 22:42:00'),
	(51, 5, 1, 3, '2025-10-22 22:27:55', '2025-10-22 22:27:55'),
	(52, 5, 2, 2, '2025-10-22 22:27:55', '2025-10-22 22:27:55'),
	(53, 5, 3, 3, '2025-10-22 22:27:55', '2025-10-22 22:27:55'),
	(54, 5, 4, 2, '2025-10-22 22:27:55', '2025-10-22 22:27:55'),
	(55, 5, 5, 2, '2025-10-22 22:27:55', '2025-10-22 22:27:55'),
	(56, 5, 6, 2, '2025-10-22 22:27:55', '2025-10-22 22:27:55'),
	(57, 5, 7, 2, '2025-10-22 22:27:55', '2025-10-22 22:27:55'),
	(58, 5, 8, 2, '2025-10-22 22:27:55', '2025-10-22 22:27:55'),
	(59, 5, 9, 2, '2025-10-22 22:27:55', '2025-10-22 22:27:55'),
	(60, 5, 10, 2, '2025-10-22 22:27:55', '2025-10-22 22:27:55'),
	(61, 5, 11, 2, '2025-10-22 22:27:55', '2025-10-22 22:27:55'),
	(62, 5, 12, 2, '2025-10-22 22:27:55', '2025-10-22 22:27:55'),
	(63, 5, 13, 2, '2025-10-22 22:27:55', '2025-10-22 22:27:55'),
	(64, 5, 14, 2, '2025-10-22 22:27:55', '2025-10-22 22:27:55'),
	(65, 5, 15, 2, '2025-10-22 22:27:55', '2025-10-22 22:27:55'),
	(66, 5, 16, 2, '2025-10-22 22:27:55', '2025-10-22 22:27:55'),
	(67, 5, 17, 2, '2025-10-22 22:27:55', '2025-10-22 22:27:55'),
	(68, 5, 18, 2, '2025-10-22 22:27:55', '2025-10-22 22:27:55'),
	(69, 5, 19, 2, '2025-10-22 22:27:55', '2025-10-22 22:27:55'),
	(70, 5, 20, 2, '2025-10-22 22:27:55', '2025-10-22 22:27:55'),
	(71, 5, 21, 2, '2025-10-22 22:27:55', '2025-10-22 22:27:55'),
	(72, 5, 22, 2, '2025-10-22 22:27:55', '2025-10-22 22:27:55'),
	(73, 5, 23, 2, '2025-10-22 22:27:55', '2025-10-22 22:27:55'),
	(74, 5, 24, 2, '2025-10-22 22:27:55', '2025-10-22 22:27:55'),
	(75, 5, 25, 2, '2025-10-22 22:27:55', '2025-10-22 22:27:55'),
	(76, 9, 1, 2, '2025-10-23 23:11:46', '2025-10-23 23:11:46'),
	(77, 9, 2, 3, '2025-10-23 23:11:46', '2025-10-23 23:11:46'),
	(78, 9, 3, 4, '2025-10-23 23:11:46', '2025-10-23 23:11:46'),
	(79, 9, 4, 1, '2025-10-23 23:11:46', '2025-10-23 23:11:46'),
	(80, 9, 5, 2, '2025-10-23 23:11:46', '2025-10-23 23:11:46'),
	(81, 9, 6, 3, '2025-10-23 23:11:46', '2025-10-23 23:11:46'),
	(82, 9, 7, 1, '2025-10-23 23:11:46', '2025-10-23 23:11:46'),
	(83, 9, 8, 2, '2025-10-23 23:11:46', '2025-10-23 23:11:46'),
	(84, 9, 9, 4, '2025-10-23 23:11:46', '2025-10-23 23:11:46'),
	(85, 9, 10, 1, '2025-10-23 23:11:46', '2025-10-23 23:11:46'),
	(86, 9, 11, 3, '2025-10-23 23:11:46', '2025-10-23 23:11:46'),
	(87, 9, 12, 0, '2025-10-23 23:11:46', '2025-10-23 23:11:46'),
	(88, 9, 13, 4, '2025-10-23 23:11:46', '2025-10-23 23:11:46'),
	(89, 9, 14, 4, '2025-10-23 23:11:46', '2025-10-23 23:11:46'),
	(90, 9, 15, 4, '2025-10-23 23:11:46', '2025-10-23 23:11:46'),
	(91, 9, 16, 4, '2025-10-23 23:11:46', '2025-10-23 23:11:46'),
	(92, 9, 17, 3, '2025-10-23 23:11:46', '2025-10-23 23:11:46'),
	(93, 9, 18, 3, '2025-10-23 23:11:46', '2025-10-23 23:11:46'),
	(94, 9, 19, 3, '2025-10-23 23:11:46', '2025-10-23 23:11:46'),
	(95, 9, 20, 2, '2025-10-23 23:11:46', '2025-10-23 23:11:46'),
	(96, 9, 21, 2, '2025-10-23 23:11:46', '2025-10-23 23:11:46'),
	(97, 9, 22, 2, '2025-10-23 23:11:46', '2025-10-23 23:11:46'),
	(98, 9, 23, 1, '2025-10-23 23:11:46', '2025-10-23 23:11:46'),
	(99, 9, 24, 1, '2025-10-23 23:11:46', '2025-10-23 23:11:46'),
	(100, 9, 25, 1, '2025-10-23 23:11:46', '2025-10-23 23:11:46'),
	(126, 11, 1, 3, '2025-11-05 23:54:37', '2025-11-05 23:54:37'),
	(127, 11, 2, 4, '2025-11-05 23:54:37', '2025-11-05 23:54:37'),
	(128, 11, 3, 2, '2025-11-05 23:54:37', '2025-11-05 23:54:37'),
	(129, 11, 4, 4, '2025-11-05 23:54:37', '2025-11-05 23:54:37'),
	(130, 11, 5, 4, '2025-11-05 23:54:37', '2025-11-05 23:54:37'),
	(131, 11, 6, 0, '2025-11-05 23:54:37', '2025-11-05 23:54:37'),
	(132, 11, 7, 0, '2025-11-05 23:54:37', '2025-11-05 23:54:37'),
	(133, 11, 8, 2, '2025-11-05 23:54:37', '2025-11-05 23:54:37'),
	(134, 11, 9, 4, '2025-11-05 23:54:37', '2025-11-05 23:54:37'),
	(135, 11, 10, 1, '2025-11-05 23:54:37', '2025-11-05 23:54:37'),
	(136, 11, 11, 3, '2025-11-05 23:54:37', '2025-11-05 23:54:37'),
	(137, 11, 12, 1, '2025-11-05 23:54:37', '2025-11-05 23:54:37'),
	(138, 11, 13, 1, '2025-11-05 23:54:37', '2025-11-05 23:54:37'),
	(139, 11, 14, 3, '2025-11-05 23:54:37', '2025-11-05 23:54:37'),
	(140, 11, 15, 4, '2025-11-05 23:54:37', '2025-11-05 23:54:37'),
	(141, 11, 16, 4, '2025-11-05 23:54:37', '2025-11-05 23:54:37'),
	(142, 11, 17, 4, '2025-11-05 23:54:37', '2025-11-05 23:54:37'),
	(143, 11, 18, 4, '2025-11-05 23:54:37', '2025-11-05 23:54:37'),
	(144, 11, 19, 4, '2025-11-05 23:54:37', '2025-11-05 23:54:37'),
	(145, 11, 20, 3, '2025-11-05 23:54:37', '2025-11-05 23:54:37'),
	(146, 11, 21, 4, '2025-11-05 23:54:37', '2025-11-05 23:54:37'),
	(147, 11, 22, 3, '2025-11-05 23:54:37', '2025-11-05 23:54:37'),
	(148, 11, 23, 4, '2025-11-05 23:54:37', '2025-11-05 23:54:37'),
	(149, 11, 24, 3, '2025-11-05 23:54:37', '2025-11-05 23:54:37'),
	(150, 11, 25, 0, '2025-11-05 23:54:37', '2025-11-05 23:54:37'),
	(151, 12, 1, 0, '2025-11-06 22:18:44', '2025-11-06 22:18:44'),
	(152, 12, 2, 1, '2025-11-06 22:18:44', '2025-11-06 22:18:44'),
	(153, 12, 3, 2, '2025-11-06 22:18:44', '2025-11-06 22:18:44'),
	(154, 12, 4, 3, '2025-11-06 22:18:44', '2025-11-06 22:18:44'),
	(155, 12, 5, 4, '2025-11-06 22:18:44', '2025-11-06 22:18:44'),
	(156, 12, 6, 3, '2025-11-06 22:18:44', '2025-11-06 22:18:44'),
	(157, 12, 7, 2, '2025-11-06 22:18:44', '2025-11-06 22:18:44'),
	(158, 12, 8, 1, '2025-11-06 22:18:44', '2025-11-06 22:18:44'),
	(159, 12, 9, 0, '2025-11-06 22:18:44', '2025-11-06 22:18:44'),
	(160, 12, 10, 1, '2025-11-06 22:18:44', '2025-11-06 22:18:44'),
	(161, 12, 11, 2, '2025-11-06 22:18:44', '2025-11-06 22:18:44'),
	(162, 12, 12, 3, '2025-11-06 22:18:44', '2025-11-06 22:18:44'),
	(163, 12, 13, 4, '2025-11-06 22:18:44', '2025-11-06 22:18:44'),
	(164, 12, 14, 3, '2025-11-06 22:18:44', '2025-11-06 22:18:44'),
	(165, 12, 15, 2, '2025-11-06 22:18:44', '2025-11-06 22:18:44'),
	(166, 12, 16, 1, '2025-11-06 22:18:44', '2025-11-06 22:18:44'),
	(167, 12, 17, 1, '2025-11-06 22:18:44', '2025-11-06 22:18:44'),
	(168, 12, 18, 1, '2025-11-06 22:18:44', '2025-11-06 22:18:44'),
	(169, 12, 19, 1, '2025-11-06 22:18:44', '2025-11-06 22:18:44'),
	(170, 12, 20, 2, '2025-11-06 22:18:44', '2025-11-06 22:18:44'),
	(171, 12, 21, 2, '2025-11-06 22:18:44', '2025-11-06 22:18:44'),
	(172, 12, 22, 3, '2025-11-06 22:18:44', '2025-11-06 22:18:44'),
	(173, 12, 23, 2, '2025-11-06 22:18:44', '2025-11-06 22:18:44'),
	(174, 12, 24, 1, '2025-11-06 22:18:44', '2025-11-06 22:18:44'),
	(175, 12, 25, 4, '2025-11-06 22:18:44', '2025-11-06 22:18:44'),
	(176, 13, 1, 0, '2025-11-19 14:22:45', '2025-11-19 14:22:45'),
	(177, 13, 2, 1, '2025-11-19 14:22:45', '2025-11-19 14:22:45'),
	(178, 13, 3, 2, '2025-11-19 14:22:45', '2025-11-19 14:22:45'),
	(179, 13, 4, 3, '2025-11-19 14:22:45', '2025-11-19 14:22:45'),
	(180, 13, 5, 4, '2025-11-19 14:22:45', '2025-11-19 14:22:45'),
	(181, 13, 6, 3, '2025-11-19 14:22:45', '2025-11-19 14:22:45'),
	(182, 13, 7, 2, '2025-11-19 14:22:45', '2025-11-19 14:22:45'),
	(183, 13, 8, 1, '2025-11-19 14:22:45', '2025-11-19 14:22:45'),
	(184, 13, 9, 0, '2025-11-19 14:22:45', '2025-11-19 14:22:45'),
	(185, 13, 10, 1, '2025-11-19 14:22:45', '2025-11-19 14:22:45'),
	(186, 13, 11, 2, '2025-11-19 14:22:45', '2025-11-19 14:22:45'),
	(187, 13, 12, 3, '2025-11-19 14:22:45', '2025-11-19 14:22:45'),
	(188, 13, 13, 4, '2025-11-19 14:22:45', '2025-11-19 14:22:45'),
	(189, 13, 14, 3, '2025-11-19 14:22:45', '2025-11-19 14:22:45'),
	(190, 13, 15, 2, '2025-11-19 14:22:45', '2025-11-19 14:22:45'),
	(191, 13, 16, 1, '2025-11-19 14:22:45', '2025-11-19 14:22:45'),
	(192, 13, 17, 0, '2025-11-19 14:22:45', '2025-11-19 14:22:45'),
	(193, 13, 18, 1, '2025-11-19 14:22:45', '2025-11-19 14:22:45'),
	(194, 13, 19, 2, '2025-11-19 14:22:45', '2025-11-19 14:22:45'),
	(195, 13, 20, 3, '2025-11-19 14:22:45', '2025-11-19 14:22:45'),
	(196, 13, 21, 4, '2025-11-19 14:22:45', '2025-11-19 14:22:45'),
	(197, 13, 22, 3, '2025-11-19 14:22:45', '2025-11-19 14:22:45'),
	(198, 13, 23, 2, '2025-11-19 14:22:45', '2025-11-19 14:22:45'),
	(199, 13, 24, 1, '2025-11-19 14:22:45', '2025-11-19 14:22:45'),
	(200, 13, 25, 0, '2025-11-19 14:22:45', '2025-11-19 14:22:45'),
	(201, 14, 1, 0, '2025-11-19 20:16:47', '2025-11-19 20:16:47'),
	(202, 14, 2, 1, '2025-11-19 20:16:47', '2025-11-19 20:16:47'),
	(203, 14, 3, 2, '2025-11-19 20:16:47', '2025-11-19 20:16:47'),
	(204, 14, 4, 3, '2025-11-19 20:16:47', '2025-11-19 20:16:47'),
	(205, 14, 5, 4, '2025-11-19 20:16:47', '2025-11-19 20:16:47'),
	(206, 14, 6, 3, '2025-11-19 20:16:47', '2025-11-19 20:16:47'),
	(207, 14, 7, 2, '2025-11-19 20:16:47', '2025-11-19 20:16:47'),
	(208, 14, 8, 1, '2025-11-19 20:16:47', '2025-11-19 20:16:47'),
	(209, 14, 9, 0, '2025-11-19 20:16:47', '2025-11-19 20:16:47'),
	(210, 14, 10, 1, '2025-11-19 20:16:47', '2025-11-19 20:16:47'),
	(211, 14, 11, 2, '2025-11-19 20:16:47', '2025-11-19 20:16:47'),
	(212, 14, 12, 3, '2025-11-19 20:16:47', '2025-11-19 20:16:47'),
	(213, 14, 13, 4, '2025-11-19 20:16:47', '2025-11-19 20:16:47'),
	(214, 14, 14, 3, '2025-11-19 20:16:47', '2025-11-19 20:16:47'),
	(215, 14, 15, 2, '2025-11-19 20:16:47', '2025-11-19 20:16:47'),
	(216, 14, 16, 1, '2025-11-19 20:16:47', '2025-11-19 20:16:47'),
	(217, 14, 17, 0, '2025-11-19 20:16:47', '2025-11-19 20:16:47'),
	(218, 14, 18, 1, '2025-11-19 20:16:47', '2025-11-19 20:16:47'),
	(219, 14, 19, 2, '2025-11-19 20:16:47', '2025-11-19 20:16:47'),
	(220, 14, 20, 3, '2025-11-19 20:16:47', '2025-11-19 20:16:47'),
	(221, 14, 21, 4, '2025-11-19 20:16:47', '2025-11-19 20:16:47'),
	(222, 14, 22, 3, '2025-11-19 20:16:47', '2025-11-19 20:16:47'),
	(223, 14, 23, 2, '2025-11-19 20:16:47', '2025-11-19 20:16:47'),
	(224, 14, 24, 1, '2025-11-19 20:16:47', '2025-11-19 20:16:47'),
	(225, 14, 25, 0, '2025-11-19 20:16:47', '2025-11-19 20:16:47');

-- Volcando datos para la tabla planmaster.project_vision: ~5 rows (aproximadamente)
INSERT INTO `project_vision` (`id`, `project_id`, `vision_text`, `is_completed`, `created_at`, `updated_at`) VALUES
	(1, 6, 'Ser reconocidos en 2027, como la mejor salchipaperia de Tacna', 1, '2025-09-18 18:48:30', '2025-09-18 18:48:30'),
	(2, 8, 'afdddddddddddddddddddddddddddddddddddddddddddddd ssssssssssssssssssssssssssssssssssssssssssssss sssssssssssssssssssssssssssssssssssssssssssssssss', 1, '2025-10-01 22:24:15', '2025-10-01 22:24:15'),
	(3, 5, 'Imagina tu empresa en 2-3 años: ¿Dónde estará ubicada? ¿Qué productos o servicios ofrecerá? ¿Cómo será reconocida en el mercado? ¿Cuál será su posición competitiva?', 1, '2025-10-22 22:37:42', '2025-10-22 22:37:42'),
	(4, 9, 'ajsdkjabjdkbkjs ajbdkjakjdnkjand ajndkjadkjbajd ajsdkjbakjdbsa', 1, '2025-10-23 23:08:21', '2025-10-23 23:08:21'),
	(5, 11, 'Visión de la empresa es ser reconocida a nivel distrital de Tacna como una de las farmacias con mas relevancia.', 1, '2025-11-05 16:52:37', '2025-11-05 16:52:37'),
	(6, 12, 'La misión de la empresa es otorgar fe y esperanza a toda la población peruana y con mucha fe y esperanza.', 1, '2025-11-06 19:02:20', '2025-11-07 00:07:58'),
	(7, 13, 'Visión de este testeo es reconocer que la aplicación no presenta ni un solo fallo.', 1, '2025-11-19 14:21:10', '2025-11-19 14:21:10'),
	(8, 14, 'Visión de la empresa es ser reconocida a nivel mundial a un margen de tiempo de 5 años, donde la empresa busca el cariño de la gente.', 1, '2025-11-19 20:14:01', '2025-11-19 20:14:01');

-- Volcando datos para la tabla planmaster.strategic_projects: ~10 rows (aproximadamente)
INSERT INTO `strategic_projects` (`id`, `user_id`, `project_name`, `company_name`, `created_at`, `updated_at`, `completed_at`, `status`, `progress_percentage`) VALUES
	(1, 7, 'dafafaffafaf', 'fafafafaf', '2025-09-17 23:55:51', '2025-09-17 23:55:51', NULL, 'in_progress', NULL),
	(2, 2, 'Plan de Superación de Caida de ventas', 'CAPICODEX', '2025-09-18 00:08:52', '2025-09-18 00:08:52', NULL, 'in_progress', NULL),
	(3, 6, 'proyecto 1', 'proyecto 1', '2025-09-18 18:38:21', '2025-09-18 18:38:21', NULL, 'in_progress', 0.00),
	(4, 2, 'PLAN PARA AUMENTO DE VENTAS DE LA SALCHIPAPERIA DE VICTOR', 'SALCHIPAPEANDO CON VICTOR', '2025-09-18 18:43:36', '2025-09-18 18:43:36', NULL, 'in_progress', NULL),
	(5, 6, 'lk;lk;lk;l', 'kkkkk', '2025-09-18 18:45:17', '2025-09-18 18:45:17', NULL, 'in_progress', NULL),
	(6, 2, 'PLAN ESTRATEGICO PARA AUMENTO DE VENTAS DE LA SALCHIPAPERIA DE VICTOR', 'SALCHIPAPEANDO CON VICTOR', '2025-09-18 18:45:41', '2025-09-18 18:45:41', NULL, 'in_progress', NULL),
	(7, 10, 'dadawdawdadwadaw', 'dwdawdawdawd', '2025-09-18 19:05:32', '2025-09-18 19:05:32', NULL, 'in_progress', NULL),
	(8, 3, 'Plan Estrategico Google 2025-2030: Tecnologia para Todos', 'Google', '2025-10-01 22:23:19', '2025-10-01 22:23:19', NULL, 'in_progress', 0.00),
	(9, 3, 'plan estrategico', 'gaby corp', '2025-10-23 23:06:33', '2025-10-23 23:06:33', NULL, 'in_progress', 0.00),
	(10, 1, 'BCG Test 2025-10-30 02:21:51', 'Empresa Demo BCG', '2025-10-30 01:21:51', '2025-10-30 01:21:51', NULL, 'draft', 0.00),
	(11, 10, 'Plan Estrategico para Farmacia Maria de los Angeles', 'Farmacia Maria de los Angeles', '2025-11-05 16:51:13', '2025-11-05 16:51:13', NULL, 'in_progress', 0.00),
	(12, 10, 'Plan Estrategico de Fe', 'Fe y Esperanza', '2025-11-06 18:55:52', '2025-11-06 18:55:52', NULL, 'in_progress', 0.00),
	(13, 10, 'Plan Estratégico Testeo', 'Testeo', '2025-11-19 14:20:14', '2025-11-19 14:20:14', NULL, 'in_progress', 0.00),
	(14, 10, 'Proyecto para aumento de Ventas de una empresa Tecnológica', 'TECNO VICTOR S.A.C.', '2025-11-19 20:12:24', '2025-11-19 20:12:24', NULL, 'in_progress', 0.00);

-- Volcando datos para la tabla planmaster.users: ~11 rows (aproximadamente)
INSERT INTO `users` (`id`, `email`, `password`, `name`, `avatar`, `google_id`, `email_verified`, `verification_token`, `reset_token`, `reset_token_expires`, `created_at`, `updated_at`, `last_login`, `status`) VALUES
	(1, 'admin@planmaster.com', '$2y$10$rCgRXCL8EfE5IUvYwLBVN.6wxPoSCS9QZUTnULXwT2cH4SCcrJ9U.', 'Administrador PlanMaster', NULL, NULL, 1, NULL, NULL, NULL, '2025-09-11 19:04:33', '2025-09-11 23:02:26', NULL, 'active'),
	(2, 'fuentessebastiansa4s@gmail.com', NULL, 'Sebastian Fuentes', 'https://lh3.googleusercontent.com/a/ACg8ocLfEswYK_9p-rBZuBQE7S8VeDn8_qMdo6rVjf2vCrLvDkU9CxBg=s96-c', '118266572871877651902', 1, NULL, NULL, NULL, '2025-09-11 23:08:36', '2025-09-18 18:59:08', '2025-09-18 18:59:08', 'active'),
	(3, 'gg2022074263@virtual.upt.pe', NULL, 'GABRIELA LUZKALID GUTIERREZ MAMANI', 'https://lh3.googleusercontent.com/a/ACg8ocJjxREiRM1D_ZSObeuGt0bZFHXkv4mdBwUTp_BHwvPgg_IZxVpr=s96-c', '115944247263508584295', 1, NULL, NULL, NULL, '2025-09-11 23:10:45', '2025-11-05 22:12:10', '2025-11-05 22:12:10', 'active'),
	(4, 'chevichin2018@gmail.com', '$2y$10$TTSoSkzIGip9IATplJuHy.6Yd7WSb9vDIbU4Cu6B3Uniao05mJ3nC', 'Chebastian Ricolas', NULL, NULL, 1, NULL, NULL, NULL, '2025-09-11 23:58:53', '2025-09-11 23:59:29', '2025-09-11 23:59:29', 'active'),
	(5, 'victoraprendiendocon@gmail.com', NULL, 'Aprendiendo con Victor', 'https://lh3.googleusercontent.com/a/ACg8ocITzx8cXQonIajDFmHtppjavUgNFl2YqzWyXUmeGAps1M3WM7Q=s96-c', '115289334880461933766', 1, NULL, NULL, NULL, '2025-09-12 00:04:32', '2025-09-12 00:04:32', '2025-09-12 00:04:32', 'active'),
	(6, 'nkmelndz@gmail.com', '$2y$10$CZxOAbvuR47a/5rfZ/zqL.TTC4msAvG1WNF.CeLGXKGTPhPlOyQQ.', 'nikolas', NULL, NULL, 1, NULL, NULL, NULL, '2025-09-17 21:59:04', '2025-10-23 22:47:18', '2025-10-23 22:47:18', 'active'),
	(7, 'sf2022073902@virtual.upt.pe', NULL, 'SEBASTIAN NICOLAS FUENTES AVALOS', 'https://lh3.googleusercontent.com/a/ACg8ocIldVbBQckiP7rwOIKiNWrDyrMX8yoUr2wjceuxppk4ahCQpm0=s96-c', '118030351119923353936', 1, NULL, NULL, NULL, '2025-09-17 21:59:09', '2025-10-22 23:55:08', '2025-10-22 23:55:08', 'active'),
	(8, 'ferquatck@gmail.com', NULL, 'fer ,', 'https://lh3.googleusercontent.com/a/ACg8ocJwB9Y4ST5t74ag0w5PyB7qshajRj4NsO-1HvO7QsUIOizrBg=s96-c', '108307062242127529441', 1, NULL, NULL, NULL, '2025-09-17 22:01:35', '2025-09-17 22:01:35', '2025-09-17 22:01:35', 'active'),
	(9, 'cescamac@upt.pe', '$2y$10$KRSRaJ0qScKBdlIBKwpBwukDiVHkbC7FlEOcCdXF4QGBCjs6quv5e', 'cesar camac', NULL, NULL, 1, NULL, NULL, NULL, '2025-09-18 04:08:08', '2025-09-18 04:08:15', '2025-09-18 04:08:15', 'active'),
	(10, 'gagaga@email.com', '$2y$10$S58/gIoNoC9ruw9dia59sOpduIAYei2QBiNMEMwwuoyG33aV.UkdW', 'gagaga', NULL, NULL, 1, NULL, NULL, NULL, '2025-09-18 19:05:09', '2025-11-20 08:40:07', '2025-11-20 08:40:07', 'active'),
	(11, 'cc2022074262@virtual.upt.pe', NULL, 'CESAR NIKOLAS CAMAC MELENDEZ', 'https://lh3.googleusercontent.com/a/ACg8ocJ8aemfsa0JcyWht1g7g1wafmHFPaDnMqzk0JvbZnUWJ7-IDXmI=s96-c', '117081121404025596376', 1, NULL, NULL, NULL, '2025-10-22 22:55:19', '2025-10-29 22:03:30', '2025-10-29 22:03:30', 'active'),
	(12, 'nicolas@gmail.com', '$2y$10$B9D2c/HG4gBK5jm4ywZ78OZ6eL9Y/HLPp4KsMgf28KfaEAD/EipxS', 'nicolas', NULL, NULL, 1, NULL, NULL, NULL, '2025-10-29 22:27:19', '2025-10-29 22:27:19', NULL, 'active'),
	(13, 'nicolas@email.com', '$2y$10$gAzRBXs0em/rPVnOdZr2.OJKsKFidIaJrTqAICclH0v0TxAkDVInm', 'nicolas', NULL, NULL, 1, NULL, NULL, NULL, '2025-10-29 22:28:26', '2025-10-29 22:28:26', NULL, 'active');

-- Volcando datos para la tabla planmaster.user_sessions: ~0 rows (aproximadamente)

/*!40103 SET TIME_ZONE=IFNULL(@OLD_TIME_ZONE, 'system') */;
/*!40101 SET SQL_MODE=IFNULL(@OLD_SQL_MODE, '') */;
/*!40014 SET FOREIGN_KEY_CHECKS=IFNULL(@OLD_FOREIGN_KEY_CHECKS, 1) */;
/*!40101 SET CHARACTER_SET_CLIENT=@OLD_CHARACTER_SET_CLIENT */;
/*!40111 SET SQL_NOTES=IFNULL(@OLD_SQL_NOTES, 1) */;
