-- --------------------------------------------------------
-- Host:                         127.0.0.1
-- Versión del servidor:         10.4.32-MariaDB - mariadb.org binary distribution
-- SO del servidor:              Win64
-- HeidiSQL Versión:             12.10.0.7000
-- --------------------------------------------------------

/*!40101 SET @OLD_CHARACTER_SET_CLIENT=@@CHARACTER_SET_CLIENT */;
/*!40101 SET NAMES utf8 */;
/*!50503 SET NAMES utf8mb4 */;
/*!40103 SET @OLD_TIME_ZONE=@@TIME_ZONE */;
/*!40103 SET TIME_ZONE='+00:00' */;
/*!40014 SET @OLD_FOREIGN_KEY_CHECKS=@@FOREIGN_KEY_CHECKS, FOREIGN_KEY_CHECKS=0 */;
/*!40101 SET @OLD_SQL_MODE=@@SQL_MODE, SQL_MODE='NO_AUTO_VALUE_ON_ZERO' */;
/*!40111 SET @OLD_SQL_NOTES=@@SQL_NOTES, SQL_NOTES=0 */;

-- Volcando datos para la tabla planmaster.project_bcg_analysis: ~4 rows (aproximadamente)
INSERT INTO `project_bcg_analysis` (`id`, `project_id`, `analysis_name`, `analysis_status`, `total_sales_forecast`, `average_tcm`, `average_prm`, `created_at`, `updated_at`) VALUES
	(1, 10, 'Análisis BCG', 'completed', 0.00, 0.00, 0.00, '2025-10-30 01:21:51', '2025-10-30 01:26:01'),
	(3, 7, 'Análisis BCG', 'completed', 28700.00, 13.22, 0.55, '2025-10-30 01:31:07', '2025-11-05 17:55:30'),
	(13, 11, 'Análisis BCG', 'completed', 30022.00, 13.11, 0.67, '2025-11-05 17:02:14', '2025-11-05 20:18:12'),
	(32, 12, 'Análisis BCG', 'completed', 28700.00, 13.22, 0.55, '2025-11-06 22:34:40', '2025-11-19 06:20:31');

-- Volcando datos para la tabla planmaster.project_bcg_competitors: ~30 rows (aproximadamente)
INSERT INTO `project_bcg_competitors` (`id`, `project_id`, `product_id`, `competitor_name`, `competitor_sales`, `market_share_percentage`, `is_main_competitor`, `is_max_sales`, `competitor_order`, `notes`, `created_at`, `updated_at`) VALUES
	(8, 10, 4, 'Apple iPhone', 25000.00, 0.00, 0, 0, 1, NULL, '2025-10-30 01:26:01', '2025-10-30 01:26:01'),
	(9, 10, 4, 'Samsung Galaxy', 22000.00, 0.00, 0, 0, 2, NULL, '2025-10-30 01:26:01', '2025-10-30 01:26:01'),
	(10, 10, 4, 'Xiaomi Mi', 18000.00, 0.00, 0, 0, 3, NULL, '2025-10-30 01:26:01', '2025-10-30 01:26:01'),
	(11, 10, 4, 'ASUS ROG', 12000.00, 0.00, 0, 0, 4, NULL, '2025-10-30 01:26:01', '2025-10-30 01:26:01'),
	(12, 10, 4, 'MSI Gaming', 10500.00, 0.00, 0, 0, 5, NULL, '2025-10-30 01:26:01', '2025-10-30 01:26:01'),
	(13, 10, 4, 'iPad Pro', 15000.00, 0.00, 0, 0, 6, NULL, '2025-10-30 01:26:01', '2025-10-30 01:26:01'),
	(14, 10, 4, 'Surface Pro', 8500.00, 0.00, 0, 0, 7, NULL, '2025-10-30 01:26:01', '2025-10-30 01:26:01'),
	(138, 7, 54, 'Apple iPhone', 25000.00, 0.00, 0, 1, 1, NULL, '2025-11-05 17:55:30', '2025-11-05 17:55:30'),
	(139, 7, 54, 'Samsung Galaxy', 22000.00, 0.00, 0, 0, 2, NULL, '2025-11-05 17:55:30', '2025-11-05 17:55:30'),
	(140, 7, 54, 'Xiaomi Mi', 18000.00, 0.00, 0, 0, 3, NULL, '2025-11-05 17:55:30', '2025-11-05 17:55:30'),
	(141, 7, 55, 'ASUS ROG', 12000.00, 0.00, 0, 1, 1, NULL, '2025-11-05 17:55:30', '2025-11-05 17:55:30'),
	(142, 7, 55, 'MSI Gaming', 10500.00, 0.00, 0, 0, 2, NULL, '2025-11-05 17:55:30', '2025-11-05 17:55:30'),
	(143, 7, 56, 'iPad Pro', 15000.00, 0.00, 0, 1, 1, NULL, '2025-11-05 17:55:30', '2025-11-05 17:55:30'),
	(144, 7, 56, 'Surface Pro', 8500.00, 0.00, 0, 0, 2, NULL, '2025-11-05 17:55:30', '2025-11-05 17:55:30'),
	(224, 11, 91, 'Apple iPhone', 25000.00, 0.00, 0, 1, 1, NULL, '2025-11-05 20:18:12', '2025-11-05 20:18:12'),
	(225, 11, 91, 'Samsung Galaxy', 22000.00, 0.00, 0, 0, 2, NULL, '2025-11-05 20:18:12', '2025-11-05 20:18:12'),
	(226, 11, 91, 'Xiaomi Mi', 18000.00, 0.00, 0, 0, 3, NULL, '2025-11-05 20:18:12', '2025-11-05 20:18:12'),
	(227, 11, 92, 'ASUS ROG', 12000.00, 0.00, 0, 1, 1, NULL, '2025-11-05 20:18:12', '2025-11-05 20:18:12'),
	(228, 11, 92, 'MSI Gaming', 10500.00, 0.00, 0, 0, 2, NULL, '2025-11-05 20:18:12', '2025-11-05 20:18:12'),
	(229, 11, 93, 'iPad Pro', 15000.00, 0.00, 0, 1, 1, NULL, '2025-11-05 20:18:12', '2025-11-05 20:18:12'),
	(230, 11, 93, 'Surface Pro', 8500.00, 0.00, 0, 0, 2, NULL, '2025-11-05 20:18:12', '2025-11-05 20:18:12'),
	(231, 11, 94, 'Chevi CORP', 1200.00, 0.00, 0, 0, 1, NULL, '2025-11-05 20:18:12', '2025-11-05 20:18:12'),
	(232, 11, 94, 'Gaby SAC', 1300.00, 0.00, 0, 1, 2, NULL, '2025-11-05 20:18:12', '2025-11-05 20:18:12'),
	(254, 12, 104, 'Apple iPhone', 25000.00, 0.00, 0, 1, 1, NULL, '2025-11-19 06:20:31', '2025-11-19 06:20:31'),
	(255, 12, 104, 'Samsung Galaxy', 22000.00, 0.00, 0, 0, 2, NULL, '2025-11-19 06:20:31', '2025-11-19 06:20:31'),
	(256, 12, 104, 'Xiaomi Mi', 18000.00, 0.00, 0, 0, 3, NULL, '2025-11-19 06:20:31', '2025-11-19 06:20:31'),
	(257, 12, 105, 'ASUS ROG', 12000.00, 0.00, 0, 1, 1, NULL, '2025-11-19 06:20:31', '2025-11-19 06:20:31'),
	(258, 12, 105, 'MSI Gaming', 10500.00, 0.00, 0, 0, 2, NULL, '2025-11-19 06:20:31', '2025-11-19 06:20:31'),
	(259, 12, 106, 'iPad Pro', 15000.00, 0.00, 0, 1, 1, NULL, '2025-11-19 06:20:31', '2025-11-19 06:20:31'),
	(260, 12, 106, 'Surface Pro', 8500.00, 0.00, 0, 0, 2, NULL, '2025-11-19 06:20:31', '2025-11-19 06:20:31');

-- Volcando datos para la tabla planmaster.project_bcg_market_growth: ~26 rows (aproximadamente)
INSERT INTO `project_bcg_market_growth` (`id`, `project_id`, `product_id`, `period_name`, `period_start_year`, `period_end_year`, `tcm_percentage`, `period_order`, `created_at`, `updated_at`) VALUES
	(3, 10, 4, '2023-2024', 2023, 2024, 0.00, 1, '2025-10-30 01:26:01', '2025-10-30 01:26:01'),
	(4, 10, 4, '2024-2025', 2024, 2025, 0.00, 2, '2025-10-30 01:26:01', '2025-10-30 01:26:01'),
	(119, 7, 54, '2025-2026', 2025, 2026, 15.50, 1, '2025-11-05 17:55:30', '2025-11-05 17:55:30'),
	(120, 7, 55, '2025-2026', 2025, 2026, 8.20, 1, '2025-11-05 17:55:30', '2025-11-05 17:55:30'),
	(121, 7, 56, '2025-2026', 2025, 2026, 12.10, 1, '2025-11-05 17:55:30', '2025-11-05 17:55:30'),
	(122, 7, 54, '2024-2025', 2024, 2025, 18.30, 2, '2025-11-05 17:55:30', '2025-11-05 17:55:30'),
	(123, 7, 55, '2024-2025', 2024, 2025, 10.50, 2, '2025-11-05 17:55:30', '2025-11-05 17:55:30'),
	(124, 7, 56, '2024-2025', 2024, 2025, 14.70, 2, '2025-11-05 17:55:30', '2025-11-05 17:55:30'),
	(215, 11, 91, '2025-2026', 2025, 2026, 15.50, 1, '2025-11-05 20:18:12', '2025-11-05 20:18:12'),
	(216, 11, 92, '2025-2026', 2025, 2026, 8.20, 1, '2025-11-05 20:18:12', '2025-11-05 20:18:12'),
	(217, 11, 93, '2025-2026', 2025, 2026, 12.10, 1, '2025-11-05 20:18:12', '2025-11-05 20:18:12'),
	(218, 11, 94, '2025-2026', 2025, 2026, 13.00, 1, '2025-11-05 20:18:12', '2025-11-05 20:18:12'),
	(219, 11, 91, '2024-2025', 2024, 2025, 18.30, 2, '2025-11-05 20:18:12', '2025-11-05 20:18:12'),
	(220, 11, 92, '2024-2025', 2024, 2025, 10.50, 2, '2025-11-05 20:18:12', '2025-11-05 20:18:12'),
	(221, 11, 93, '2024-2025', 2024, 2025, 14.70, 2, '2025-11-05 20:18:12', '2025-11-05 20:18:12'),
	(222, 11, 94, '2024-2025', 2024, 2025, 13.00, 2, '2025-11-05 20:18:12', '2025-11-05 20:18:12'),
	(223, 11, 91, '2023-2024', 2023, 2024, 13.00, 3, '2025-11-05 20:18:12', '2025-11-05 20:18:12'),
	(224, 11, 92, '2023-2024', 2023, 2024, 13.00, 3, '2025-11-05 20:18:12', '2025-11-05 20:18:12'),
	(225, 11, 93, '2023-2024', 2023, 2024, 13.00, 3, '2025-11-05 20:18:12', '2025-11-05 20:18:12'),
	(226, 11, 94, '2023-2024', 2023, 2024, 13.00, 3, '2025-11-05 20:18:12', '2025-11-05 20:18:12'),
	(245, 12, 104, '2025-2026', 2025, 2026, 15.50, 1, '2025-11-19 06:20:31', '2025-11-19 06:20:31'),
	(246, 12, 105, '2025-2026', 2025, 2026, 8.20, 1, '2025-11-19 06:20:31', '2025-11-19 06:20:31'),
	(247, 12, 106, '2025-2026', 2025, 2026, 12.10, 1, '2025-11-19 06:20:31', '2025-11-19 06:20:31'),
	(248, 12, 104, '2024-2025', 2024, 2025, 18.30, 2, '2025-11-19 06:20:31', '2025-11-19 06:20:31'),
	(249, 12, 105, '2024-2025', 2024, 2025, 10.50, 2, '2025-11-19 06:20:31', '2025-11-19 06:20:31'),
	(250, 12, 106, '2024-2025', 2024, 2025, 14.70, 2, '2025-11-19 06:20:31', '2025-11-19 06:20:31');

-- Volcando datos para la tabla planmaster.project_bcg_matrix_results: ~96 rows (aproximadamente)
INSERT INTO `project_bcg_matrix_results` (`id`, `project_id`, `product_id`, `prm_relative_position`, `tcm_market_growth`, `bcg_quadrant`, `quadrant_description`, `strategic_recommendation`, `matrix_position_x`, `matrix_position_y`, `bubble_size`, `created_at`, `updated_at`) VALUES
	(1, 7, 11, 0.6000, 16.90, 'interrogante', NULL, NULL, 30.0000, 84.5000, 1.5000, '2025-10-30 01:40:35', '2025-10-30 01:40:35'),
	(2, 7, 12, 0.0000, 9.35, 'perro', NULL, NULL, 0.0000, 46.7500, 0.8500, '2025-10-30 01:40:35', '2025-10-30 01:40:35'),
	(3, 7, 13, 0.0000, 13.40, 'interrogante', NULL, NULL, 0.0000, 67.0000, 0.5200, '2025-10-30 01:40:35', '2025-10-30 01:40:35'),
	(4, 7, 14, 0.6000, 16.90, 'interrogante', NULL, NULL, 30.0000, 84.5000, 1.5000, '2025-10-30 01:41:40', '2025-10-30 01:41:40'),
	(5, 7, 15, 0.0000, 9.35, 'perro', NULL, NULL, 0.0000, 46.7500, 0.8500, '2025-10-30 01:41:40', '2025-10-30 01:41:40'),
	(6, 7, 16, 0.0000, 13.40, 'interrogante', NULL, NULL, 0.0000, 67.0000, 0.5200, '2025-10-30 01:41:40', '2025-10-30 01:41:40'),
	(7, 7, 17, 0.6000, 11.27, 'interrogante', NULL, NULL, 30.0000, 56.3333, 1.5000, '2025-10-30 01:43:08', '2025-10-30 01:43:08'),
	(8, 7, 18, 0.0000, 6.23, 'perro', NULL, NULL, 0.0000, 31.1667, 0.8500, '2025-10-30 01:43:08', '2025-10-30 01:43:08'),
	(9, 7, 19, 0.0000, 8.93, 'perro', NULL, NULL, 0.0000, 44.6667, 0.5200, '2025-10-30 01:43:08', '2025-10-30 01:43:08'),
	(10, 7, 20, 0.6000, 16.90, 'interrogante', NULL, NULL, 30.0000, 84.5000, 1.5000, '2025-10-30 01:45:41', '2025-10-30 01:45:41'),
	(11, 7, 21, 0.0000, 9.35, 'perro', NULL, NULL, 0.0000, 46.7500, 0.8500, '2025-10-30 01:45:41', '2025-10-30 01:45:41'),
	(12, 7, 22, 0.0000, 13.40, 'interrogante', NULL, NULL, 0.0000, 67.0000, 0.5200, '2025-10-30 01:45:41', '2025-10-30 01:45:41'),
	(13, 7, 23, 0.6000, 16.90, 'interrogante', NULL, NULL, 30.0000, 84.5000, 1.5000, '2025-10-30 02:06:32', '2025-10-30 02:06:32'),
	(14, 7, 24, 0.7083, 9.35, 'perro', NULL, NULL, 35.4167, 46.7500, 0.8500, '2025-10-30 02:06:32', '2025-10-30 02:06:32'),
	(15, 7, 25, 0.3467, 13.40, 'interrogante', NULL, NULL, 17.3333, 67.0000, 0.5200, '2025-10-30 02:06:32', '2025-10-30 02:06:32'),
	(16, 7, 26, 0.6000, 15.60, 'interrogante', NULL, NULL, 30.0000, 78.0000, 1.5000, '2025-11-05 16:59:24', '2025-11-05 16:59:24'),
	(17, 7, 27, 0.7083, 10.57, 'interrogante', NULL, NULL, 35.4167, 52.8333, 0.8500, '2025-11-05 16:59:24', '2025-11-05 16:59:24'),
	(18, 7, 28, 0.2600, 13.27, 'interrogante', NULL, NULL, 13.0000, 66.3333, 0.5200, '2025-11-05 16:59:24', '2025-11-05 16:59:24'),
	(19, 7, 29, 0.6000, 15.60, 'interrogante', NULL, NULL, 30.0000, 78.0000, 1.5000, '2025-11-05 17:00:25', '2025-11-05 17:00:25'),
	(20, 7, 30, 0.7083, 10.57, 'interrogante', NULL, NULL, 35.4167, 52.8333, 0.8500, '2025-11-05 17:00:25', '2025-11-05 17:00:25'),
	(21, 7, 31, 0.2600, 13.27, 'interrogante', NULL, NULL, 13.0000, 66.3333, 0.5200, '2025-11-05 17:00:25', '2025-11-05 17:00:25'),
	(22, 7, 32, 0.6000, 15.60, 'interrogante', NULL, NULL, 30.0000, 78.0000, 1.5000, '2025-11-05 17:01:13', '2025-11-05 17:01:13'),
	(23, 7, 33, 0.7083, 10.57, 'interrogante', NULL, NULL, 35.4167, 52.8333, 0.8500, '2025-11-05 17:01:13', '2025-11-05 17:01:13'),
	(24, 7, 34, 0.2600, 13.27, 'interrogante', NULL, NULL, 13.0000, 66.3333, 0.5200, '2025-11-05 17:01:13', '2025-11-05 17:01:13'),
	(25, 11, 35, 0.6000, 16.90, 'interrogante', NULL, NULL, 30.0000, 84.5000, 1.5000, '2025-11-05 17:02:14', '2025-11-05 17:02:14'),
	(26, 11, 36, 0.7083, 9.35, 'perro', NULL, NULL, 35.4167, 46.7500, 0.8500, '2025-11-05 17:02:14', '2025-11-05 17:02:14'),
	(27, 11, 37, 0.3467, 13.40, 'interrogante', NULL, NULL, 17.3333, 67.0000, 0.5200, '2025-11-05 17:02:14', '2025-11-05 17:02:14'),
	(28, 11, 38, 0.6000, 15.33, 'interrogante', NULL, NULL, 30.0000, 76.6667, 1.5000, '2025-11-05 17:04:41', '2025-11-05 17:04:41'),
	(29, 11, 39, 0.7083, 10.30, 'interrogante', NULL, NULL, 35.4167, 51.5000, 0.8500, '2025-11-05 17:04:41', '2025-11-05 17:04:41'),
	(30, 11, 40, 0.3467, 13.00, 'interrogante', NULL, NULL, 17.3333, 65.0000, 0.5200, '2025-11-05 17:04:41', '2025-11-05 17:04:41'),
	(31, 11, 41, 0.6000, 15.33, 'interrogante', NULL, NULL, 30.0000, 76.6667, 1.5000, '2025-11-05 17:08:48', '2025-11-05 17:08:48'),
	(32, 11, 42, 0.7083, 10.30, 'interrogante', NULL, NULL, 35.4167, 51.5000, 0.8500, '2025-11-05 17:08:48', '2025-11-05 17:08:48'),
	(33, 11, 43, 0.3467, 13.00, 'interrogante', NULL, NULL, 17.3333, 65.0000, 0.5200, '2025-11-05 17:08:48', '2025-11-05 17:08:48'),
	(34, 11, 44, 1.2000, 13.13, 'estrella', NULL, NULL, 60.0000, 65.6667, 0.6000, '2025-11-05 17:08:48', '2025-11-05 17:08:48'),
	(35, 7, 45, 0.6000, 15.60, 'interrogante', NULL, NULL, 30.0000, 78.0000, 1.5000, '2025-11-05 17:54:10', '2025-11-05 17:54:10'),
	(36, 7, 46, 0.7083, 10.57, 'interrogante', NULL, NULL, 35.4167, 52.8333, 0.8500, '2025-11-05 17:54:10', '2025-11-05 17:54:10'),
	(37, 7, 47, 0.2600, 13.27, 'interrogante', NULL, NULL, 13.0000, 66.3333, 0.5200, '2025-11-05 17:54:10', '2025-11-05 17:54:10'),
	(38, 7, 48, 0.6000, 15.60, 'interrogante', NULL, NULL, 30.0000, 78.0000, 1.5000, '2025-11-05 17:54:31', '2025-11-05 17:54:31'),
	(39, 7, 49, 0.7083, 10.57, 'interrogante', NULL, NULL, 35.4167, 52.8333, 0.8500, '2025-11-05 17:54:31', '2025-11-05 17:54:31'),
	(40, 7, 50, 0.2600, 13.27, 'interrogante', NULL, NULL, 13.0000, 66.3333, 0.5200, '2025-11-05 17:54:31', '2025-11-05 17:54:31'),
	(41, 7, 51, 0.6000, 16.90, 'interrogante', NULL, NULL, 30.0000, 84.5000, 1.5000, '2025-11-05 17:55:00', '2025-11-05 17:55:00'),
	(42, 7, 52, 0.7083, 9.35, 'perro', NULL, NULL, 35.4167, 46.7500, 0.8500, '2025-11-05 17:55:00', '2025-11-05 17:55:00'),
	(43, 7, 53, 0.3467, 13.40, 'interrogante', NULL, NULL, 17.3333, 67.0000, 0.5200, '2025-11-05 17:55:00', '2025-11-05 17:55:00'),
	(44, 7, 54, 0.6000, 16.90, 'interrogante', NULL, NULL, 30.0000, 84.5000, 1.5000, '2025-11-05 17:55:30', '2025-11-05 17:55:30'),
	(45, 7, 55, 0.7083, 9.35, 'perro', NULL, NULL, 35.4167, 46.7500, 0.8500, '2025-11-05 17:55:30', '2025-11-05 17:55:30'),
	(46, 7, 56, 0.3467, 13.40, 'interrogante', NULL, NULL, 17.3333, 67.0000, 0.5200, '2025-11-05 17:55:30', '2025-11-05 17:55:30'),
	(47, 11, 57, 0.6000, 16.90, 'interrogante', NULL, NULL, 30.0000, 84.5000, 1.5000, '2025-11-05 19:28:37', '2025-11-05 19:28:37'),
	(48, 11, 58, 0.7083, 9.35, 'perro', NULL, NULL, 35.4167, 46.7500, 0.8500, '2025-11-05 19:28:37', '2025-11-05 19:28:37'),
	(49, 11, 59, 0.3467, 13.40, 'interrogante', NULL, NULL, 17.3333, 67.0000, 0.5200, '2025-11-05 19:28:37', '2025-11-05 19:28:37'),
	(50, 11, 60, 0.6000, 15.60, 'interrogante', NULL, NULL, 30.0000, 78.0000, 1.5000, '2025-11-05 19:30:12', '2025-11-05 19:30:12'),
	(51, 11, 61, 0.7083, 10.57, 'interrogante', NULL, NULL, 35.4167, 52.8333, 0.8500, '2025-11-05 19:30:12', '2025-11-05 19:30:12'),
	(52, 11, 62, 0.3467, 13.27, 'interrogante', NULL, NULL, 17.3333, 66.3333, 0.5200, '2025-11-05 19:30:12', '2025-11-05 19:30:12'),
	(53, 11, 63, 0.6000, 15.60, 'interrogante', NULL, NULL, 30.0000, 78.0000, 1.5000, '2025-11-05 19:33:39', '2025-11-05 19:33:39'),
	(54, 11, 64, 0.7083, 10.57, 'interrogante', NULL, NULL, 35.4167, 52.8333, 0.8500, '2025-11-05 19:33:39', '2025-11-05 19:33:39'),
	(55, 11, 65, 0.3467, 13.27, 'interrogante', NULL, NULL, 17.3333, 66.3333, 0.5200, '2025-11-05 19:33:39', '2025-11-05 19:33:39'),
	(56, 11, 66, 0.6000, 16.90, 'interrogante', NULL, NULL, 30.0000, 84.5000, 1.5000, '2025-11-05 19:42:06', '2025-11-05 19:42:06'),
	(57, 11, 67, 0.7083, 9.35, 'perro', NULL, NULL, 35.4167, 46.7500, 0.8500, '2025-11-05 19:42:06', '2025-11-05 19:42:06'),
	(58, 11, 68, 0.3467, 13.40, 'interrogante', NULL, NULL, 17.3333, 67.0000, 0.5200, '2025-11-05 19:42:06', '2025-11-05 19:42:06'),
	(59, 11, 69, 0.6000, 15.60, 'interrogante', NULL, NULL, 30.0000, 78.0000, 1.5000, '2025-11-05 19:42:50', '2025-11-05 19:42:50'),
	(60, 11, 70, 0.7083, 10.57, 'interrogante', NULL, NULL, 35.4167, 52.8333, 0.8500, '2025-11-05 19:42:50', '2025-11-05 19:42:50'),
	(61, 11, 71, 0.3467, 13.27, 'interrogante', NULL, NULL, 17.3333, 66.3333, 0.5200, '2025-11-05 19:42:50', '2025-11-05 19:42:50'),
	(62, 11, 72, 0.6000, 15.60, 'interrogante', NULL, NULL, 30.0000, 78.0000, 1.5000, '2025-11-05 19:45:40', '2025-11-05 19:45:40'),
	(63, 11, 73, 0.7083, 10.57, 'interrogante', NULL, NULL, 35.4167, 52.8333, 0.8500, '2025-11-05 19:45:40', '2025-11-05 19:45:40'),
	(64, 11, 74, 0.3467, 13.27, 'interrogante', NULL, NULL, 17.3333, 66.3333, 0.5200, '2025-11-05 19:45:40', '2025-11-05 19:45:40'),
	(65, 11, 75, 0.6000, 16.90, 'interrogante', NULL, NULL, 30.0000, 84.5000, 1.5000, '2025-11-05 19:54:46', '2025-11-05 19:54:46'),
	(66, 11, 76, 0.7083, 9.35, 'perro', NULL, NULL, 35.4167, 46.7500, 0.8500, '2025-11-05 19:54:46', '2025-11-05 19:54:46'),
	(67, 11, 77, 0.3467, 13.40, 'interrogante', NULL, NULL, 17.3333, 67.0000, 0.5200, '2025-11-05 19:54:46', '2025-11-05 19:54:46'),
	(68, 11, 78, 0.6000, 16.27, 'interrogante', NULL, NULL, 30.0000, 81.3333, 1.5000, '2025-11-05 19:55:39', '2025-11-05 19:55:39'),
	(69, 11, 79, 0.7083, 11.23, 'interrogante', NULL, NULL, 35.4167, 56.1667, 0.8500, '2025-11-05 19:55:39', '2025-11-05 19:55:39'),
	(70, 11, 80, 0.3467, 13.93, 'interrogante', NULL, NULL, 17.3333, 69.6667, 0.5200, '2025-11-05 19:55:39', '2025-11-05 19:55:39'),
	(71, 11, 81, 0.6000, 16.90, 'interrogante', NULL, NULL, 30.0000, 84.5000, 1.5000, '2025-11-05 20:07:24', '2025-11-05 20:07:24'),
	(72, 11, 82, 0.7083, 9.35, 'perro', NULL, NULL, 35.4167, 46.7500, 0.8500, '2025-11-05 20:07:24', '2025-11-05 20:07:24'),
	(73, 11, 83, 0.3467, 13.40, 'interrogante', NULL, NULL, 17.3333, 67.0000, 0.5200, '2025-11-05 20:07:24', '2025-11-05 20:07:24'),
	(74, 11, 84, 0.6000, 15.60, 'interrogante', NULL, NULL, 30.0000, 78.0000, 1.5000, '2025-11-05 20:08:15', '2025-11-05 20:08:15'),
	(75, 11, 85, 0.7083, 10.57, 'interrogante', NULL, NULL, 35.4167, 52.8333, 0.8500, '2025-11-05 20:08:15', '2025-11-05 20:08:15'),
	(76, 11, 86, 0.3467, 13.27, 'interrogante', NULL, NULL, 17.3333, 66.3333, 0.5200, '2025-11-05 20:08:15', '2025-11-05 20:08:15'),
	(77, 11, 87, 0.6000, 15.60, 'interrogante', NULL, NULL, 30.0000, 78.0000, 1.5000, '2025-11-05 20:09:52', '2025-11-05 20:09:52'),
	(78, 11, 88, 0.7083, 10.57, 'interrogante', NULL, NULL, 35.4167, 52.8333, 0.8500, '2025-11-05 20:09:52', '2025-11-05 20:09:52'),
	(79, 11, 89, 0.3467, 13.27, 'interrogante', NULL, NULL, 17.3333, 66.3333, 0.5200, '2025-11-05 20:09:52', '2025-11-05 20:09:52'),
	(80, 11, 90, 1.0169, 13.00, 'estrella', NULL, NULL, 50.8462, 65.0000, 0.5000, '2025-11-05 20:09:52', '2025-11-05 20:09:52'),
	(81, 11, 91, 0.6000, 15.60, 'interrogante', NULL, NULL, 30.0000, 78.0000, 1.5000, '2025-11-05 20:18:12', '2025-11-05 20:18:12'),
	(82, 11, 92, 0.7083, 10.57, 'interrogante', NULL, NULL, 35.4167, 52.8333, 0.8500, '2025-11-05 20:18:12', '2025-11-05 20:18:12'),
	(83, 11, 93, 0.3467, 13.27, 'interrogante', NULL, NULL, 17.3333, 66.3333, 0.5200, '2025-11-05 20:18:12', '2025-11-05 20:18:12'),
	(84, 11, 94, 1.0169, 13.00, 'estrella', NULL, NULL, 50.8462, 65.0000, 0.5000, '2025-11-05 20:18:12', '2025-11-05 20:18:12'),
	(85, 12, 95, 0.6000, 16.90, 'interrogante', NULL, NULL, 30.0000, 84.5000, 1.5000, '2025-11-06 22:34:40', '2025-11-06 22:34:40'),
	(86, 12, 96, 0.7083, 9.35, 'perro', NULL, NULL, 35.4167, 46.7500, 0.8500, '2025-11-06 22:34:40', '2025-11-06 22:34:40'),
	(87, 12, 97, 0.3467, 13.40, 'interrogante', NULL, NULL, 17.3333, 67.0000, 0.5200, '2025-11-06 22:34:40', '2025-11-06 22:34:40'),
	(88, 12, 98, 0.6000, 16.90, 'interrogante', NULL, NULL, 30.0000, 84.5000, 1.5000, '2025-11-19 06:03:43', '2025-11-19 06:03:43'),
	(89, 12, 99, 0.7083, 9.35, 'perro', NULL, NULL, 35.4167, 46.7500, 0.8500, '2025-11-19 06:03:43', '2025-11-19 06:03:43'),
	(90, 12, 100, 0.3467, 13.40, 'interrogante', NULL, NULL, 17.3333, 67.0000, 0.5200, '2025-11-19 06:03:43', '2025-11-19 06:03:43'),
	(91, 12, 101, 0.6000, 16.90, 'interrogante', NULL, NULL, 30.0000, 84.5000, 1.5000, '2025-11-19 06:18:36', '2025-11-19 06:18:36'),
	(92, 12, 102, 0.7083, 9.35, 'perro', NULL, NULL, 35.4167, 46.7500, 0.8500, '2025-11-19 06:18:36', '2025-11-19 06:18:36'),
	(93, 12, 103, 0.3467, 13.40, 'interrogante', NULL, NULL, 17.3333, 67.0000, 0.5200, '2025-11-19 06:18:36', '2025-11-19 06:18:36'),
	(94, 12, 104, 0.6000, 16.90, 'interrogante', NULL, NULL, 30.0000, 84.5000, 1.5000, '2025-11-19 06:20:31', '2025-11-19 06:20:31'),
	(95, 12, 105, 0.7083, 9.35, 'perro', NULL, NULL, 35.4167, 46.7500, 0.8500, '2025-11-19 06:20:31', '2025-11-19 06:20:31'),
	(96, 12, 106, 0.3467, 13.40, 'interrogante', NULL, NULL, 17.3333, 67.0000, 0.5200, '2025-11-19 06:20:31', '2025-11-19 06:20:31');

-- Volcando datos para la tabla planmaster.project_bcg_products: ~13 rows (aproximadamente)
INSERT INTO `project_bcg_products` (`id`, `project_id`, `product_name`, `sales_forecast`, `sales_percentage`, `tcm_calculated`, `prm_calculated`, `bcg_quadrant`, `bcg_position_x`, `bcg_position_y`, `product_order`, `is_active`, `created_at`, `updated_at`) VALUES
	(4, 10, 'Smartphone Pro', 15000.00, 52.00, 0.00, 0.00, NULL, 0.0000, 0.0000, 1, 1, '2025-10-30 01:26:01', '2025-10-30 01:26:01'),
	(5, 10, 'Laptop Gaming', 8500.00, 29.00, 0.00, 0.00, NULL, 0.0000, 0.0000, 2, 1, '2025-10-30 01:26:01', '2025-10-30 01:26:01'),
	(6, 10, 'Tablet Ultra', 5200.00, 18.00, 0.00, 0.00, NULL, 0.0000, 0.0000, 3, 1, '2025-10-30 01:26:01', '2025-10-30 01:26:01'),
	(54, 7, 'Smartphone Pro', 15000.00, 52.00, 16.90, 0.60, 'interrogante', 0.0000, 0.0000, 1, 1, '2025-11-05 17:55:30', '2025-11-05 17:55:30'),
	(55, 7, 'Laptop Gaming', 8500.00, 29.00, 9.35, 0.71, 'perro', 0.0000, 0.0000, 2, 1, '2025-11-05 17:55:30', '2025-11-05 17:55:30'),
	(56, 7, 'Tablet Ultra', 5200.00, 18.00, 13.40, 0.35, 'interrogante', 0.0000, 0.0000, 3, 1, '2025-11-05 17:55:30', '2025-11-05 17:55:30'),
	(91, 11, 'Smartphone Pro', 15000.00, 49.00, 15.60, 0.60, 'interrogante', 0.0000, 0.0000, 1, 1, '2025-11-05 20:18:12', '2025-11-05 20:18:12'),
	(92, 11, 'Laptop Gaming', 8500.00, 28.00, 10.57, 0.71, 'interrogante', 0.0000, 0.0000, 2, 1, '2025-11-05 20:18:12', '2025-11-05 20:18:12'),
	(93, 11, 'Tablet Ultra', 5200.00, 17.00, 13.27, 0.35, 'interrogante', 0.0000, 0.0000, 3, 1, '2025-11-05 20:18:12', '2025-11-05 20:18:12'),
	(94, 11, 'Feeeee', 1322.00, 4.00, 13.00, 1.02, 'estrella', 0.0000, 0.0000, 4, 1, '2025-11-05 20:18:12', '2025-11-05 20:18:12'),
	(104, 12, 'Smartphone Pro', 15000.00, 52.00, 16.90, 0.60, 'interrogante', 0.0000, 0.0000, 1, 1, '2025-11-19 06:20:31', '2025-11-19 06:20:31'),
	(105, 12, 'Laptop Gaming', 8500.00, 29.00, 9.35, 0.71, 'perro', 0.0000, 0.0000, 2, 1, '2025-11-19 06:20:31', '2025-11-19 06:20:31'),
	(106, 12, 'Tablet Ultra', 5200.00, 18.00, 13.40, 0.35, 'interrogante', 0.0000, 0.0000, 3, 1, '2025-11-19 06:20:31', '2025-11-19 06:20:31');

-- Volcando datos para la tabla planmaster.project_bcg_sector_demand: ~21 rows (aproximadamente)
INSERT INTO `project_bcg_sector_demand` (`id`, `project_id`, `product_id`, `demand_year`, `total_sector_demand`, `company_participation`, `participation_percentage`, `market_share_notes`, `created_at`, `updated_at`) VALUES
	(80, 7, 54, 2025, 13.80, 1.38, 10.00, NULL, '2025-11-05 17:55:30', '2025-11-05 20:06:37'),
	(81, 7, 55, 2025, 9.10, 0.91, 10.00, NULL, '2025-11-05 17:55:30', '2025-11-05 20:06:37'),
	(82, 7, 56, 2025, 17.30, 1.73, 10.00, NULL, '2025-11-05 17:55:30', '2025-11-05 20:06:37'),
	(134, 11, 91, 2023, 13.00, 1.30, 10.00, NULL, '2025-11-05 20:18:12', '2025-11-05 20:18:12'),
	(135, 11, 92, 2023, 13.00, 1.30, 10.00, NULL, '2025-11-05 20:18:12', '2025-11-05 20:18:12'),
	(136, 11, 93, 2023, 13.00, 1.30, 10.00, NULL, '2025-11-05 20:18:12', '2025-11-05 20:18:12'),
	(137, 11, 94, 2023, 13.00, 1.30, 10.00, NULL, '2025-11-05 20:18:12', '2025-11-05 20:18:12'),
	(138, 11, 91, 2024, 12.50, 1.25, 10.00, NULL, '2025-11-05 20:18:12', '2025-11-05 20:18:12'),
	(139, 11, 92, 2024, 8.30, 0.83, 10.00, NULL, '2025-11-05 20:18:12', '2025-11-05 20:18:12'),
	(140, 11, 93, 2024, 15.70, 1.57, 10.00, NULL, '2025-11-05 20:18:12', '2025-11-05 20:18:12'),
	(141, 11, 94, 2024, 13.00, 1.30, 10.00, NULL, '2025-11-05 20:18:12', '2025-11-05 20:18:12'),
	(142, 11, 91, 2025, 18.20, 1.82, 10.00, NULL, '2025-11-05 20:18:12', '2025-11-05 20:18:12'),
	(143, 11, 92, 2025, 12.10, 1.21, 10.00, NULL, '2025-11-05 20:18:12', '2025-11-05 20:18:12'),
	(144, 11, 93, 2025, 22.40, 2.24, 10.00, NULL, '2025-11-05 20:18:12', '2025-11-05 20:18:12'),
	(145, 11, 94, 2025, 13.00, 1.30, 10.00, NULL, '2025-11-05 20:18:12', '2025-11-05 20:18:12'),
	(164, 12, 104, 2024, 12.50, 1.25, 10.00, NULL, '2025-11-19 06:20:31', '2025-11-19 06:20:31'),
	(165, 12, 105, 2024, 8.30, 0.83, 10.00, NULL, '2025-11-19 06:20:31', '2025-11-19 06:20:31'),
	(166, 12, 106, 2024, 15.70, 1.57, 10.00, NULL, '2025-11-19 06:20:31', '2025-11-19 06:20:31'),
	(167, 12, 104, 2025, 18.20, 1.82, 10.00, NULL, '2025-11-19 06:20:31', '2025-11-19 06:20:31'),
	(168, 12, 105, 2025, 12.10, 1.21, 10.00, NULL, '2025-11-19 06:20:31', '2025-11-19 06:20:31'),
	(169, 12, 106, 2025, 22.40, 2.24, 10.00, NULL, '2025-11-19 06:20:31', '2025-11-19 06:20:31');

-- Volcando datos para la tabla planmaster.project_came_matrix: ~0 rows (aproximadamente)

-- Volcando datos para la tabla planmaster.project_foda_analysis: ~39 rows (aproximadamente)
INSERT INTO `project_foda_analysis` (`id`, `project_id`, `type`, `item_text`, `item_order`, `created_at`, `updated_at`) VALUES
	(83, 8, 'fortaleza', 'ASSDADSAD', 1, '2025-10-23 23:12:36', '2025-10-23 23:12:36'),
	(84, 8, 'fortaleza', 'ASDASD', 2, '2025-10-23 23:12:36', '2025-10-23 23:12:36'),
	(85, 8, 'fortaleza', 'ASDADSAD', 3, '2025-10-23 23:12:36', '2025-10-23 23:12:36'),
	(86, 8, 'debilidad', 'ADAD', 1, '2025-10-23 23:12:36', '2025-10-23 23:12:36'),
	(87, 8, 'debilidad', 'ASDAD', 2, '2025-10-23 23:12:36', '2025-10-23 23:12:36'),
	(88, 8, 'debilidad', 'ASDASDAD', 3, '2025-10-23 23:12:36', '2025-10-23 23:12:36'),
	(95, 10, 'fortaleza', 'Marca reconocida en el mercado', 1, '2025-10-30 01:26:01', '2025-10-30 01:26:01'),
	(96, 10, 'fortaleza', 'Equipo técnico altamente capacitado', 2, '2025-10-30 01:26:01', '2025-10-30 01:26:01'),
	(97, 10, 'fortaleza', 'Red de distribución consolidada', 3, '2025-10-30 01:26:01', '2025-10-30 01:26:01'),
	(98, 10, 'debilidad', 'Altos costos de producción', 1, '2025-10-30 01:26:01', '2025-10-30 01:26:01'),
	(99, 10, 'debilidad', 'Dependencia de proveedores externos', 2, '2025-10-30 01:26:01', '2025-10-30 01:26:01'),
	(100, 10, 'debilidad', 'Limitada presencia digital', 3, '2025-10-30 01:26:01', '2025-10-30 01:26:01'),
	(202, 7, 'fortaleza', 'Marca reconocida en el mercado', 1, '2025-11-05 17:55:30', '2025-11-05 17:55:30'),
	(203, 7, 'fortaleza', 'Equipo técnico altamente capacitado', 2, '2025-11-05 17:55:30', '2025-11-05 17:55:30'),
	(204, 7, 'fortaleza', 'Red de distribución consolidada', 3, '2025-11-05 17:55:30', '2025-11-05 17:55:30'),
	(205, 7, 'debilidad', 'Altos costos de producción', 1, '2025-11-05 17:55:30', '2025-11-05 17:55:30'),
	(206, 7, 'debilidad', 'Dependencia de proveedores externos', 2, '2025-11-05 17:55:30', '2025-11-05 17:55:30'),
	(207, 7, 'debilidad', 'Limitada presencia digital', 3, '2025-11-05 17:55:30', '2025-11-05 17:55:30'),
	(208, 7, 'debilidad', 'gaaaa', 4, '2025-11-05 17:55:30', '2025-11-05 17:55:30'),
	(295, 11, 'fortaleza', 'Marca reconocida en el mercado', 1, '2025-11-05 20:18:25', '2025-11-05 20:18:25'),
	(296, 11, 'fortaleza', 'Equipo técnico altamente capacitado', 2, '2025-11-05 20:18:25', '2025-11-05 20:18:25'),
	(297, 11, 'fortaleza', 'Red de distribución consolidada', 3, '2025-11-05 20:18:25', '2025-11-05 20:18:25'),
	(298, 11, 'debilidad', 'Altos costos de producción', 1, '2025-11-05 20:18:25', '2025-11-05 20:18:25'),
	(299, 11, 'debilidad', 'Dependencia de proveedores externos', 2, '2025-11-05 20:18:25', '2025-11-05 20:18:25'),
	(300, 11, 'debilidad', 'Limitada presencia digital', 3, '2025-11-05 20:18:25', '2025-11-05 20:18:25'),
	(301, 11, 'debilidad', 'Gaaaa', 4, '2025-11-05 20:18:25', '2025-11-05 20:18:25'),
	(386, 12, 'oportunidad', 'Oportunidad 001', 1, '2025-11-19 06:19:57', '2025-11-19 07:48:46'),
	(387, 12, 'oportunidad', 'Oportunidad 002', 2, '2025-11-19 06:19:57', '2025-11-19 07:48:50'),
	(388, 12, 'oportunidad', 'Oportunidad 003', 3, '2025-11-19 06:19:57', '2025-11-19 07:48:52'),
	(389, 12, 'oportunidad', 'Oportunidad 004', 4, '2025-11-19 06:19:57', '2025-11-19 07:48:53'),
	(390, 12, 'amenaza', 'Amenaza 001', 1, '2025-11-19 06:19:57', '2025-11-19 07:48:55'),
	(391, 12, 'amenaza', 'Amenaza 002', 2, '2025-11-19 06:19:57', '2025-11-19 07:48:56'),
	(392, 12, 'amenaza', 'Amenaza 003', 3, '2025-11-19 06:19:57', '2025-11-19 07:48:57'),
	(393, 12, 'fortaleza', 'Fortaleza 001', 1, '2025-11-19 06:20:31', '2025-11-19 07:48:58'),
	(394, 12, 'fortaleza', 'Fortalezaz 003', 2, '2025-11-19 06:20:31', '2025-11-19 07:49:00'),
	(395, 12, 'fortaleza', 'Fortaleza 004', 3, '2025-11-19 06:20:31', '2025-11-19 07:49:02'),
	(396, 12, 'debilidad', 'Debilidad 002', 1, '2025-11-19 06:20:31', '2025-11-19 07:49:03'),
	(397, 12, 'debilidad', 'Debilidad 005', 2, '2025-11-19 06:20:31', '2025-11-19 07:49:05'),
	(398, 12, 'debilidad', 'Debilidad 007', 3, '2025-11-19 06:20:31', '2025-11-19 07:49:07');

-- Volcando datos para la tabla planmaster.project_mission: ~7 rows (aproximadamente)
INSERT INTO `project_mission` (`id`, `project_id`, `mission_text`, `is_completed`, `created_at`, `updated_at`) VALUES
	(1, 2, 'Somos una empresa encargada de la superación de paginas web', 1, '2025-09-18 00:09:59', '2025-09-18 00:09:59'),
	(2, 5, 'fsfsf', 1, '2025-09-18 18:45:44', '2025-09-18 18:45:44'),
	(3, 6, 'Somos una empresa encargada de superación de un platillo típico de las noches turbias de examenes universitario, exactamente, las salchipapas', 1, '2025-09-18 18:48:02', '2025-09-18 18:48:02'),
	(4, 8, 'ggggggggggggggggggggggggggggggggggggggggggggggggggggggggggggggggggggggggggggggggsssssssssssssssssssssssssssssssssssss', 1, '2025-10-01 22:24:04', '2025-10-01 22:24:04'),
	(5, 9, 'habhdhabdhabhdbandnman ajbdbahbdahbdhasd  ahbdhjabdhba', 1, '2025-10-23 23:07:04', '2025-10-23 23:07:04'),
	(6, 11, 'Mision de la empresa es ofrecer productos farmaceuticos de primera calidad para las personas de la ciudad de Tacnaaaa', 1, '2025-11-05 16:52:05', '2025-11-06 17:52:24'),
	(7, 12, 'La fe y Esperanza tiene la misión de dar y otorgar fe y esperanza a todo el pueblo peruano.', 1, '2025-11-06 19:01:58', '2025-11-07 00:07:55');

-- Volcando datos para la tabla planmaster.project_pest_analysis: ~50 rows (aproximadamente)
INSERT INTO `project_pest_analysis` (`id`, `project_id`, `question_number`, `rating`, `created_at`, `updated_at`) VALUES
	(1, 11, 1, 4, '2025-11-06 01:59:53', '2025-11-06 01:59:53'),
	(2, 11, 2, 4, '2025-11-06 01:59:53', '2025-11-06 01:59:53'),
	(3, 11, 3, 0, '2025-11-06 01:59:53', '2025-11-06 01:59:53'),
	(4, 11, 4, 4, '2025-11-06 01:59:53', '2025-11-06 01:59:53'),
	(5, 11, 5, 4, '2025-11-06 01:59:53', '2025-11-06 01:59:53'),
	(6, 11, 6, 4, '2025-11-06 01:59:53', '2025-11-06 01:59:53'),
	(7, 11, 7, 0, '2025-11-06 01:59:53', '2025-11-06 01:59:53'),
	(8, 11, 8, 1, '2025-11-06 01:59:53', '2025-11-06 01:59:53'),
	(9, 11, 9, 1, '2025-11-06 01:59:53', '2025-11-06 01:59:53'),
	(10, 11, 10, 4, '2025-11-06 01:59:53', '2025-11-06 01:59:53'),
	(11, 11, 11, 4, '2025-11-06 01:59:53', '2025-11-06 01:59:53'),
	(12, 11, 12, 1, '2025-11-06 01:59:53', '2025-11-06 01:59:53'),
	(13, 11, 13, 2, '2025-11-06 01:59:53', '2025-11-06 01:59:53'),
	(14, 11, 14, 2, '2025-11-06 01:59:53', '2025-11-06 01:59:53'),
	(15, 11, 15, 2, '2025-11-06 01:59:53', '2025-11-06 01:59:53'),
	(16, 11, 16, 2, '2025-11-06 01:59:53', '2025-11-06 01:59:53'),
	(17, 11, 17, 2, '2025-11-06 01:59:53', '2025-11-06 01:59:53'),
	(18, 11, 18, 2, '2025-11-06 01:59:53', '2025-11-06 01:59:53'),
	(19, 11, 19, 2, '2025-11-06 01:59:53', '2025-11-06 01:59:53'),
	(20, 11, 20, 2, '2025-11-06 01:59:53', '2025-11-06 01:59:53'),
	(21, 11, 21, 3, '2025-11-06 01:59:53', '2025-11-06 01:59:53'),
	(22, 11, 22, 4, '2025-11-06 01:59:53', '2025-11-06 01:59:53'),
	(23, 11, 23, 4, '2025-11-06 01:59:53', '2025-11-06 01:59:53'),
	(24, 11, 24, 4, '2025-11-06 01:59:53', '2025-11-06 01:59:53'),
	(25, 11, 25, 4, '2025-11-06 01:59:53', '2025-11-06 01:59:53'),
	(51, 12, 1, 2, '2025-11-06 23:55:02', '2025-11-06 23:55:02'),
	(52, 12, 2, 1, '2025-11-06 23:55:02', '2025-11-06 23:55:02'),
	(53, 12, 3, 2, '2025-11-06 23:55:02', '2025-11-06 23:55:02'),
	(54, 12, 4, 3, '2025-11-06 23:55:02', '2025-11-06 23:55:02'),
	(55, 12, 5, 4, '2025-11-06 23:55:02', '2025-11-06 23:55:02'),
	(56, 12, 6, 3, '2025-11-06 23:55:02', '2025-11-06 23:55:02'),
	(57, 12, 7, 2, '2025-11-06 23:55:02', '2025-11-06 23:55:02'),
	(58, 12, 8, 1, '2025-11-06 23:55:02', '2025-11-06 23:55:02'),
	(59, 12, 9, 1, '2025-11-06 23:55:02', '2025-11-06 23:55:02'),
	(60, 12, 10, 1, '2025-11-06 23:55:02', '2025-11-06 23:55:02'),
	(61, 12, 11, 2, '2025-11-06 23:55:02', '2025-11-06 23:55:02'),
	(62, 12, 12, 3, '2025-11-06 23:55:02', '2025-11-06 23:55:02'),
	(63, 12, 13, 4, '2025-11-06 23:55:02', '2025-11-06 23:55:02'),
	(64, 12, 14, 1, '2025-11-06 23:55:02', '2025-11-06 23:55:02'),
	(65, 12, 15, 2, '2025-11-06 23:55:02', '2025-11-06 23:55:02'),
	(66, 12, 16, 2, '2025-11-06 23:55:02', '2025-11-06 23:55:02'),
	(67, 12, 17, 2, '2025-11-06 23:55:02', '2025-11-06 23:55:02'),
	(68, 12, 18, 2, '2025-11-06 23:55:02', '2025-11-06 23:55:02'),
	(69, 12, 19, 2, '2025-11-06 23:55:02', '2025-11-06 23:55:02'),
	(70, 12, 20, 1, '2025-11-06 23:55:02', '2025-11-06 23:55:02'),
	(71, 12, 21, 1, '2025-11-06 23:55:02', '2025-11-06 23:55:02'),
	(72, 12, 22, 3, '2025-11-06 23:55:02', '2025-11-06 23:55:02'),
	(73, 12, 23, 4, '2025-11-06 23:55:02', '2025-11-06 23:55:02'),
	(74, 12, 24, 1, '2025-11-06 23:55:02', '2025-11-06 23:55:02'),
	(75, 12, 25, 2, '2025-11-06 23:55:02', '2025-11-06 23:55:02');

-- Volcando datos para la tabla planmaster.project_porter_analysis: ~51 rows (aproximadamente)
INSERT INTO `project_porter_analysis` (`id`, `project_id`, `factor_category`, `factor_name`, `factor_description`, `hostil_label`, `favorable_label`, `selected_value`, `factor_order`, `created_at`, `updated_at`) VALUES
	(1, 11, 'rivalidad', 'Crecimiento', NULL, 'Lento', 'Rápido', 1, 1, '2025-11-05 21:00:10', '2025-11-06 00:23:54'),
	(2, 11, 'rivalidad', 'Naturaleza de los competidores', NULL, 'Muchos', 'Pocos', 1, 2, '2025-11-05 21:00:10', '2025-11-06 00:23:54'),
	(3, 11, 'rivalidad', 'Exceso de capacidad productiva', NULL, 'Sí', 'No', 1, 3, '2025-11-05 21:00:10', '2025-11-06 00:23:54'),
	(4, 11, 'rivalidad', 'Rentabilidad media del sector', NULL, 'Baja', 'Alta', 1, 4, '2025-11-05 21:00:10', '2025-11-06 00:23:54'),
	(5, 11, 'rivalidad', 'Diferenciación del producto', NULL, 'Escasa', 'Elevada', 1, 5, '2025-11-05 21:00:10', '2025-11-06 00:23:54'),
	(6, 11, 'rivalidad', 'Barreras de salida', NULL, 'Bajas', 'Altas', 1, 6, '2025-11-05 21:00:10', '2025-11-06 00:23:54'),
	(7, 11, 'barreras_entrada', 'Economías de escala', NULL, 'No', 'Sí', 2, 1, '2025-11-05 21:00:10', '2025-11-06 00:23:54'),
	(8, 11, 'barreras_entrada', 'Necesidad de capital', NULL, 'Bajas', 'Altas', 2, 2, '2025-11-05 21:00:10', '2025-11-06 00:23:54'),
	(9, 11, 'barreras_entrada', 'Acceso a la tecnología', NULL, 'Fácil', 'Difícil', 2, 3, '2025-11-05 21:00:10', '2025-11-06 00:23:54'),
	(10, 11, 'barreras_entrada', 'Reglamentos o leyes limitativos', NULL, 'No', 'Sí', 3, 4, '2025-11-05 21:00:10', '2025-11-06 00:23:54'),
	(11, 11, 'barreras_entrada', 'Trámites burocráticos', NULL, 'No', 'Sí', 3, 5, '2025-11-05 21:00:10', '2025-11-06 00:23:54'),
	(12, 11, 'barreras_entrada', 'Reacción esperada actuales competidores', NULL, 'Escasa', 'Enérgica', 3, 6, '2025-11-05 21:00:10', '2025-11-06 00:23:54'),
	(13, 11, 'poder_clientes', 'Número de clientes', NULL, 'Pocos', 'Muchos', 4, 1, '2025-11-05 21:00:10', '2025-11-06 00:23:54'),
	(14, 11, 'poder_clientes', 'Posibilidad de integración ascendente', NULL, 'Grande', 'Pequeña', 4, 2, '2025-11-05 21:00:10', '2025-11-06 00:23:54'),
	(15, 11, 'poder_clientes', 'Rentabilidad de los clientes', NULL, 'Baja', 'Alta', 4, 3, '2025-11-05 21:00:10', '2025-11-06 00:23:54'),
	(16, 11, 'poder_clientes', 'Coste de cambio de proveedor para cliente', NULL, 'Bajo', 'Alto', 5, 4, '2025-11-05 21:00:10', '2025-11-06 00:23:54'),
	(17, 11, 'productos_sustitutivos', 'Disponibilidad de Productos Sustitutivos', NULL, 'Grande', 'Pequeña', 5, 1, '2025-11-05 21:00:10', '2025-11-06 00:23:54'),
	(90, 7, 'rivalidad', 'Crecimiento', NULL, 'Lento', 'Rápido', 1, 1, '2025-11-05 23:05:51', '2025-11-05 23:54:06'),
	(91, 7, 'rivalidad', 'Naturaleza de los competidores', NULL, 'Muchos', 'Pocos', 2, 2, '2025-11-05 23:05:51', '2025-11-05 23:54:06'),
	(92, 7, 'rivalidad', 'Exceso de capacidad productiva', NULL, 'Sí', 'No', 3, 3, '2025-11-05 23:05:51', '2025-11-05 23:54:06'),
	(93, 7, 'rivalidad', 'Rentabilidad media del sector', NULL, 'Baja', 'Alta', 4, 4, '2025-11-05 23:05:51', '2025-11-05 23:54:06'),
	(94, 7, 'rivalidad', 'Diferenciación del producto', NULL, 'Escasa', 'Elevada', 5, 5, '2025-11-05 23:05:51', '2025-11-05 23:54:06'),
	(95, 7, 'rivalidad', 'Barreras de salida', NULL, 'Bajas', 'Altas', 4, 6, '2025-11-05 23:05:51', '2025-11-05 23:54:06'),
	(96, 7, 'barreras_entrada', 'Economías de escala', NULL, 'No', 'Sí', 3, 1, '2025-11-05 23:05:51', '2025-11-05 23:05:51'),
	(97, 7, 'barreras_entrada', 'Necesidad de capital', NULL, 'Bajas', 'Altas', 3, 2, '2025-11-05 23:05:51', '2025-11-05 23:05:51'),
	(98, 7, 'barreras_entrada', 'Acceso a la tecnología', NULL, 'Fácil', 'Difícil', 3, 3, '2025-11-05 23:05:51', '2025-11-05 23:05:51'),
	(99, 7, 'barreras_entrada', 'Reglamentos o leyes limitativos', NULL, 'No', 'Sí', 3, 4, '2025-11-05 23:05:51', '2025-11-05 23:05:51'),
	(100, 7, 'barreras_entrada', 'Trámites burocráticos', NULL, 'No', 'Sí', 3, 5, '2025-11-05 23:05:51', '2025-11-05 23:05:51'),
	(101, 7, 'barreras_entrada', 'Reacción esperada actuales competidores', NULL, 'Escasa', 'Enérgica', 3, 6, '2025-11-05 23:05:51', '2025-11-05 23:05:51'),
	(102, 7, 'poder_clientes', 'Número de clientes', NULL, 'Pocos', 'Muchos', 3, 1, '2025-11-05 23:05:51', '2025-11-05 23:05:51'),
	(103, 7, 'poder_clientes', 'Posibilidad de integración ascendente', NULL, 'Grande', 'Pequeña', 3, 2, '2025-11-05 23:05:51', '2025-11-05 23:05:51'),
	(104, 7, 'poder_clientes', 'Rentabilidad de los clientes', NULL, 'Baja', 'Alta', 3, 3, '2025-11-05 23:05:51', '2025-11-05 23:05:51'),
	(105, 7, 'poder_clientes', 'Coste de cambio de proveedor para cliente', NULL, 'Bajo', 'Alto', 3, 4, '2025-11-05 23:05:51', '2025-11-05 23:05:51'),
	(106, 7, 'productos_sustitutivos', 'Disponibilidad de Productos Sustitutivos', NULL, 'Grande', 'Pequeña', 3, 1, '2025-11-05 23:05:51', '2025-11-05 23:05:51'),
	(119, 12, 'rivalidad', 'Crecimiento', NULL, 'Lento', 'Rápido', 4, 1, '2025-11-06 22:35:18', '2025-11-19 05:52:33'),
	(120, 12, 'rivalidad', 'Naturaleza de los competidores', NULL, 'Muchos', 'Pocos', 2, 2, '2025-11-06 22:35:18', '2025-11-19 05:52:33'),
	(121, 12, 'rivalidad', 'Exceso de capacidad productiva', NULL, 'Sí', 'No', 3, 3, '2025-11-06 22:35:18', '2025-11-19 05:52:33'),
	(122, 12, 'rivalidad', 'Rentabilidad media del sector', NULL, 'Baja', 'Alta', 4, 4, '2025-11-06 22:35:18', '2025-11-19 05:52:33'),
	(123, 12, 'rivalidad', 'Diferenciación del producto', NULL, 'Escasa', 'Elevada', 5, 5, '2025-11-06 22:35:18', '2025-11-19 05:52:33'),
	(124, 12, 'rivalidad', 'Barreras de salida', NULL, 'Bajas', 'Altas', 4, 6, '2025-11-06 22:35:18', '2025-11-19 05:52:33'),
	(125, 12, 'barreras_entrada', 'Economías de escala', NULL, 'No', 'Sí', 3, 1, '2025-11-06 22:35:18', '2025-11-19 05:52:33'),
	(126, 12, 'barreras_entrada', 'Necesidad de capital', NULL, 'Bajas', 'Altas', 2, 2, '2025-11-06 22:35:18', '2025-11-19 05:52:33'),
	(127, 12, 'barreras_entrada', 'Acceso a la tecnología', NULL, 'Fácil', 'Difícil', 1, 3, '2025-11-06 22:35:18', '2025-11-19 05:52:33'),
	(128, 12, 'barreras_entrada', 'Reglamentos o leyes limitativos', NULL, 'No', 'Sí', 2, 4, '2025-11-06 22:35:18', '2025-11-19 05:52:33'),
	(129, 12, 'barreras_entrada', 'Trámites burocráticos', NULL, 'No', 'Sí', 3, 5, '2025-11-06 22:35:18', '2025-11-19 05:52:33'),
	(130, 12, 'barreras_entrada', 'Reacción esperada actuales competidores', NULL, 'Escasa', 'Enérgica', 4, 6, '2025-11-06 22:35:18', '2025-11-19 05:52:33'),
	(131, 12, 'poder_clientes', 'Número de clientes', NULL, 'Pocos', 'Muchos', 5, 1, '2025-11-06 22:35:18', '2025-11-19 05:52:33'),
	(132, 12, 'poder_clientes', 'Posibilidad de integración ascendente', NULL, 'Grande', 'Pequeña', 4, 2, '2025-11-06 22:35:18', '2025-11-19 05:52:33'),
	(133, 12, 'poder_clientes', 'Rentabilidad de los clientes', NULL, 'Baja', 'Alta', 3, 3, '2025-11-06 22:35:18', '2025-11-19 05:52:33'),
	(134, 12, 'poder_clientes', 'Coste de cambio de proveedor para cliente', NULL, 'Bajo', 'Alto', 2, 4, '2025-11-06 22:35:18', '2025-11-19 05:52:33'),
	(135, 12, 'productos_sustitutivos', 'Disponibilidad de Productos Sustitutivos', NULL, 'Grande', 'Pequeña', 2, 1, '2025-11-06 22:35:18', '2025-11-19 05:52:33');

-- Volcando datos para la tabla planmaster.project_porter_foda: ~12 rows (aproximadamente)
INSERT INTO `project_porter_foda` (`id`, `project_id`, `type`, `item_text`, `item_order`, `created_at`, `updated_at`) VALUES
	(70, 7, 'oportunidad', 'agewfefefea', 1, '2025-11-05 23:54:06', '2025-11-05 23:54:06'),
	(71, 7, 'amenaza', 'aesfeefsfse', 1, '2025-11-05 23:54:06', '2025-11-05 23:54:06'),
	(72, 7, 'amenaza', 'efsefesfsef', 2, '2025-11-05 23:54:06', '2025-11-05 23:54:06'),
	(88, 11, 'oportunidad', 'gaagg', 1, '2025-11-06 00:23:54', '2025-11-06 00:23:54'),
	(89, 11, 'oportunidad', 'Gaaaaa', 2, '2025-11-06 00:23:54', '2025-11-06 00:23:54'),
	(90, 11, 'amenaza', 'aggaggagga', 1, '2025-11-06 00:23:54', '2025-11-06 00:23:54'),
	(91, 11, 'amenaza', 'FEEEEEEEEEEEEEEE', 2, '2025-11-06 00:23:54', '2025-11-06 00:23:54'),
	(112, 12, 'oportunidad', 'Los rivales no son muy temibles como creíamos, ahora podemos y estamos capaces de enfrentarlos.', 1, '2025-11-19 05:52:33', '2025-11-19 05:52:33'),
	(113, 12, 'oportunidad', 'ejemplo04', 2, '2025-11-19 05:52:33', '2025-11-19 05:52:33'),
	(114, 12, 'amenaza', 'Tenemos precios elevados.', 1, '2025-11-19 05:52:33', '2025-11-19 05:52:33'),
	(115, 12, 'amenaza', 'Consideramos que la infraestructura de la red es demasiada baja', 2, '2025-11-19 05:52:33', '2025-11-19 05:52:33'),
	(116, 12, 'amenaza', 'ejemplo05', 3, '2025-11-19 05:52:33', '2025-11-19 05:52:33');

-- Volcando datos para la tabla planmaster.project_specific_objectives: ~30 rows (aproximadamente)
INSERT INTO `project_specific_objectives` (`id`, `strategic_objective_id`, `objective_title`, `objective_description`, `objective_order`, `created_at`, `updated_at`) VALUES
	(1, 1, 'Conectividad Global', '', 1, '2025-10-01 22:28:47', '2025-10-01 22:28:47'),
	(2, 1, 'Dispositivos Accesibles', '', 2, '2025-10-01 22:28:47', '2025-10-01 22:28:47'),
	(3, 2, 'Alfabetización Digital', '', 1, '2025-10-01 22:28:47', '2025-10-01 22:28:47'),
	(4, 2, 'Infraestructura Educativa', '', 2, '2025-10-01 22:28:47', '2025-10-01 22:28:47'),
	(5, 3, 'Gobernanza de IA', '', 1, '2025-10-01 22:28:47', '2025-10-01 22:28:47'),
	(6, 3, 'IA para el Bien Social', '', 2, '2025-10-01 22:28:47', '2025-10-01 22:28:47'),
	(7, 4, 'A continuación reflexione sobre la misión, visión y valores definidos y establezca los objetivos estratégicos y específi', '', 1, '2025-10-22 22:40:20', '2025-10-22 22:40:20'),
	(8, 4, 'A continuación reflexione sobre la misión, visión y valores definidos y establezca los objetivos estratégicos y específi', '', 2, '2025-10-22 22:40:20', '2025-10-22 22:40:20'),
	(9, 5, 'A continuación reflexione sobre la misión, visión y valores definidos y establezca los objetivos estratégicos y específi', '', 1, '2025-10-22 22:40:20', '2025-10-22 22:40:20'),
	(10, 5, 'A continuación reflexione sobre la misión, visión y valores definidos y establezca los objetivos estratégicos y específi', '', 2, '2025-10-22 22:40:20', '2025-10-22 22:40:20'),
	(11, 6, 'A continuación reflexione sobre la misión, visión y valores definidos y establezca los objetivos estratégicos y específi', '', 1, '2025-10-22 22:40:20', '2025-10-22 22:40:20'),
	(12, 6, 'A continuación reflexione sobre la misión, visión y valores definidos y establezca los objetivos estratégicos y específi', '', 2, '2025-10-22 22:40:20', '2025-10-22 22:40:20'),
	(13, 7, '3 Objetivos Estratégicos × 2 Objetivos Específicos cada uno = 6 Objetivos Específicos totales D', '3 Objetivos Estratégicos × 2 Objetivos Específicos cada uno = 6 Objetivos Específicos totales\r\n\r\nW', 1, '2025-10-23 23:10:41', '2025-10-23 23:10:41'),
	(14, 7, '3 Objetivos Estratégicos × 2 Objetivos Específicos cada uno = 6 Objetivos Específicos totalesFF', '3 Objetivos Estratégicos × 2 Objetivos Específicos cada uno = 6 Objetivos Específicos totales\r\n\r\nDD', 2, '2025-10-23 23:10:41', '2025-10-23 23:10:41'),
	(15, 8, '3 Objetivos Estratégicos × 2 Objetivos Específicos cada uno = 6 Objetivos Específicos totalesHJJJ', '', 1, '2025-10-23 23:10:41', '2025-10-23 23:10:41'),
	(16, 8, '3 Objetivos Estratégicos × 2 Objetivos Específicos cada uno = 6 Objetivos Específicos totalesOOOO', '', 2, '2025-10-23 23:10:41', '2025-10-23 23:10:41'),
	(17, 9, '3 Objetivos Estratégicos × 2 Objetivos Específicos cada uno = 6 Objetivos Específicos totalesNNNMM', '', 1, '2025-10-23 23:10:41', '2025-10-23 23:10:41'),
	(18, 9, '3 Objetivos Estratégicos × 2 Objetivos Específicos cada uno = 6 Objetivos Específicos totalesKKK', '', 2, '2025-10-23 23:10:41', '2025-10-23 23:10:41'),
	(19, 10, 'Objetivo 1,1,', '', 1, '2025-11-05 16:54:36', '2025-11-05 16:54:36'),
	(20, 10, 'Objetivo 1.2.', '', 2, '2025-11-05 16:54:36', '2025-11-05 16:54:36'),
	(21, 11, 'Objetivo 2.1', '', 1, '2025-11-05 16:54:36', '2025-11-05 16:54:36'),
	(22, 11, 'Objetivo 2.2', '', 2, '2025-11-05 16:54:36', '2025-11-05 16:54:36'),
	(23, 12, 'Objetivo 3.1', '', 1, '2025-11-05 16:54:36', '2025-11-05 16:54:36'),
	(24, 12, 'Objetivo 3.2', '', 2, '2025-11-05 16:54:36', '2025-11-05 16:54:36'),
	(25, 13, 'Objetivo 01.2', '', 1, '2025-11-06 22:03:09', '2025-11-06 22:03:09'),
	(26, 13, 'Objetivo 01.1', '', 2, '2025-11-06 22:03:09', '2025-11-06 22:03:09'),
	(27, 14, 'Objetivo 02.1', '', 1, '2025-11-06 22:03:09', '2025-11-06 22:03:09'),
	(28, 14, 'Objetivo 02.2', '', 2, '2025-11-06 22:03:09', '2025-11-06 22:03:09'),
	(29, 15, 'Objetivo 03.1', '', 1, '2025-11-06 22:03:09', '2025-11-06 22:03:09'),
	(30, 15, 'Objetivo 03.2', '', 2, '2025-11-06 22:03:09', '2025-11-06 22:03:09');

-- Volcando datos para la tabla planmaster.project_strategic_analysis: ~0 rows (aproximadamente)

-- Volcando datos para la tabla planmaster.project_strategic_objectives: ~15 rows (aproximadamente)
INSERT INTO `project_strategic_objectives` (`id`, `project_id`, `objective_title`, `objective_description`, `objective_order`, `created_at`, `updated_at`) VALUES
	(1, 8, 'Democratizar el Acceso a la Tecnología', '', 1, '2025-10-01 22:28:47', '2025-10-01 22:28:47'),
	(2, 8, 'Impulsar la Educación Digital Global', '', 2, '2025-10-01 22:28:47', '2025-10-01 22:28:47'),
	(3, 8, 'Desarrollar IA Ética y Responsable', '', 3, '2025-10-01 22:28:47', '2025-10-01 22:28:47'),
	(4, 5, 'A continuación reflexione sobre la misión, visión y valores definidos y establezca los objetivos estratégicos y específicos de su empresa. Le proponem', '', 1, '2025-10-22 22:40:20', '2025-10-22 22:40:20'),
	(5, 5, 'A continuación reflexione sobre la misión, visión y valores definidos y establezca los objetivos estratégicos y específicos de su empresa. Le proponem', '', 2, '2025-10-22 22:40:20', '2025-10-22 22:40:20'),
	(6, 5, 'A continuación reflexione sobre la misión, visión y valores definidos y establezca los objetivos estratégicos y específicos de su empresa. Le proponem', '', 3, '2025-10-22 22:40:20', '2025-10-22 22:40:20'),
	(7, 9, '3 Objetivos Estratégicos × 2 Objetivos Específicos cada uno = 6 Objetivos Específicos totales', '', 1, '2025-10-23 23:10:41', '2025-10-23 23:10:41'),
	(8, 9, '3 Objetivos Estratégicos × 2 Objetivos Específicos cada uno = 6 Objetivos Específicos totalesFFFF', '', 2, '2025-10-23 23:10:41', '2025-10-23 23:10:41'),
	(9, 9, '3 Objetivos Estratégicos × 2 Objetivos Específicos cada uno = 6 Objetivos Específicos totalesNNNNN', '', 3, '2025-10-23 23:10:41', '2025-10-23 23:10:41'),
	(10, 11, 'Objetivo 1', '', 1, '2025-11-05 16:54:36', '2025-11-05 16:54:36'),
	(11, 11, 'Objetivo 2', '', 2, '2025-11-05 16:54:36', '2025-11-05 16:54:36'),
	(12, 11, 'Objetivo 3', '', 3, '2025-11-05 16:54:36', '2025-11-05 16:54:36'),
	(13, 12, 'Objetivo 01', '', 1, '2025-11-06 22:03:09', '2025-11-06 22:03:09'),
	(14, 12, 'Objetivo 02', '', 2, '2025-11-06 22:03:09', '2025-11-06 22:03:09'),
	(15, 12, 'Objetivo 03', '', 3, '2025-11-06 22:03:09', '2025-11-06 22:03:09');

-- Volcando datos para la tabla planmaster.project_strategic_relations: ~67 rows (aproximadamente)
INSERT INTO `project_strategic_relations` (`id`, `project_id`, `relation_type`, `fortaleza_id`, `debilidad_id`, `oportunidad_id`, `amenaza_id`, `value_score`, `created_at`, `updated_at`) VALUES
	(1, 12, 'FO', 393, 0, 386, 0, 2, '2025-11-19 07:49:22', '2025-11-19 07:55:14'),
	(2, 12, 'FO', 393, 0, 387, 0, 3, '2025-11-19 07:49:24', '2025-11-19 07:55:19'),
	(3, 12, 'FO', 394, 0, 386, 0, 2, '2025-11-19 07:49:24', '2025-11-19 08:04:59'),
	(4, 12, 'FO', 395, 0, 386, 0, 4, '2025-11-19 07:49:29', '2025-11-19 08:03:15'),
	(5, 12, 'FO', 394, 0, 387, 0, 2, '2025-11-19 07:49:32', '2025-11-19 07:55:19'),
	(6, 12, 'FO', 395, 0, 387, 0, 4, '2025-11-19 07:49:37', '2025-11-19 07:55:20'),
	(7, 12, 'FO', 394, 0, 388, 0, 2, '2025-11-19 07:49:37', '2025-11-19 07:55:28'),
	(8, 12, 'FO', 393, 0, 388, 0, 0, '2025-11-19 07:49:40', '2025-11-19 08:05:27'),
	(9, 12, 'FO', 393, 0, 389, 0, 2, '2025-11-19 07:49:43', '2025-11-19 08:05:54'),
	(10, 12, 'FO', 394, 0, 389, 0, 4, '2025-11-19 07:49:46', '2025-11-19 07:55:29'),
	(11, 12, 'FO', 395, 0, 389, 0, 3, '2025-11-19 07:49:47', '2025-11-19 07:55:25'),
	(12, 12, 'FO', 395, 0, 388, 0, 2, '2025-11-19 07:49:48', '2025-11-19 07:55:27'),
	(13, 12, 'FA', 393, 0, 0, 390, 4, '2025-11-19 07:50:00', '2025-11-19 07:50:00'),
	(14, 12, 'FA', 394, 0, 0, 390, 4, '2025-11-19 07:50:01', '2025-11-19 07:50:01'),
	(15, 12, 'FA', 395, 0, 0, 390, 4, '2025-11-19 07:50:02', '2025-11-19 07:50:02'),
	(16, 12, 'FA', 393, 0, 0, 391, 4, '2025-11-19 07:50:06', '2025-11-19 07:50:06'),
	(17, 12, 'FA', 394, 0, 0, 391, 4, '2025-11-19 07:50:06', '2025-11-19 07:50:06'),
	(18, 12, 'FA', 395, 0, 0, 391, 4, '2025-11-19 07:50:08', '2025-11-19 07:50:08'),
	(19, 12, 'FA', 395, 0, 0, 392, 4, '2025-11-19 07:50:09', '2025-11-19 07:50:09'),
	(20, 12, 'FA', 394, 0, 0, 392, 1, '2025-11-19 07:50:10', '2025-11-19 07:50:10'),
	(21, 12, 'DO', 0, 396, 386, 0, 4, '2025-11-19 07:50:14', '2025-11-19 07:50:18'),
	(22, 12, 'DO', 0, 397, 386, 0, 1, '2025-11-19 07:50:20', '2025-11-19 08:01:16'),
	(23, 12, 'DO', 0, 398, 386, 0, 2, '2025-11-19 07:50:21', '2025-11-19 07:50:21'),
	(24, 12, 'DO', 0, 398, 387, 0, 3, '2025-11-19 07:50:24', '2025-11-19 07:50:25'),
	(25, 12, 'DO', 0, 397, 387, 0, 3, '2025-11-19 07:50:26', '2025-11-19 07:50:26'),
	(26, 12, 'DO', 0, 396, 387, 0, 3, '2025-11-19 07:50:27', '2025-11-19 07:50:27'),
	(27, 12, 'DO', 0, 396, 388, 0, 2, '2025-11-19 07:50:28', '2025-11-19 07:50:28'),
	(28, 12, 'DO', 0, 397, 388, 0, 2, '2025-11-19 07:50:29', '2025-11-19 07:50:29'),
	(29, 12, 'DO', 0, 398, 388, 0, 2, '2025-11-19 07:50:30', '2025-11-19 07:50:30'),
	(30, 12, 'DO', 0, 398, 389, 0, 2, '2025-11-19 07:50:31', '2025-11-19 07:50:31'),
	(31, 12, 'DO', 0, 397, 389, 0, 2, '2025-11-19 07:50:32', '2025-11-19 07:50:33'),
	(32, 12, 'DO', 0, 396, 389, 0, 2, '2025-11-19 07:50:33', '2025-11-19 07:50:34'),
	(33, 12, 'DA', 0, 396, 0, 390, 1, '2025-11-19 07:50:38', '2025-11-19 07:50:38'),
	(34, 12, 'DA', 0, 397, 0, 390, 2, '2025-11-19 07:50:39', '2025-11-19 07:50:39'),
	(35, 12, 'DA', 0, 398, 0, 390, 4, '2025-11-19 07:50:40', '2025-11-19 08:00:48'),
	(36, 12, 'DA', 0, 398, 0, 391, 2, '2025-11-19 07:50:41', '2025-11-19 08:01:07'),
	(37, 12, 'DA', 0, 397, 0, 391, 4, '2025-11-19 07:50:42', '2025-11-19 08:05:07'),
	(38, 12, 'DA', 0, 396, 0, 391, 2, '2025-11-19 07:50:46', '2025-11-19 07:50:46'),
	(39, 12, 'DA', 0, 396, 0, 392, 2, '2025-11-19 07:50:48', '2025-11-19 07:50:48'),
	(40, 12, 'DA', 0, 397, 0, 392, 3, '2025-11-19 07:50:49', '2025-11-19 07:50:49'),
	(41, 12, 'DA', 0, 398, 0, 392, 3, '2025-11-19 07:50:50', '2025-11-19 07:50:50'),
	(42, 12, 'FA', 393, 0, 0, 392, 3, '2025-11-19 07:52:44', '2025-11-19 07:52:44'),
	(43, 12, 'DA', NULL, 398, NULL, 390, 4, '2025-11-19 08:00:47', '2025-11-19 08:00:47'),
	(44, 12, 'DA', NULL, 398, NULL, 391, 3, '2025-11-19 08:01:00', '2025-11-19 08:01:00'),
	(45, 12, 'DA', NULL, 398, NULL, 391, 2, '2025-11-19 08:01:00', '2025-11-19 08:01:00'),
	(46, 12, 'DA', NULL, 398, NULL, 391, 1, '2025-11-19 08:01:01', '2025-11-19 08:01:01'),
	(47, 12, 'DA', NULL, 398, NULL, 391, 0, '2025-11-19 08:01:02', '2025-11-19 08:01:02'),
	(48, 12, 'DA', NULL, 398, NULL, 391, 1, '2025-11-19 08:01:05', '2025-11-19 08:01:05'),
	(49, 12, 'DA', NULL, 398, NULL, 391, 2, '2025-11-19 08:01:07', '2025-11-19 08:01:07'),
	(50, 12, 'DO', NULL, 397, 386, NULL, 1, '2025-11-19 08:01:13', '2025-11-19 08:01:13'),
	(51, 12, 'DO', NULL, 397, 386, NULL, 0, '2025-11-19 08:01:14', '2025-11-19 08:01:14'),
	(52, 12, 'DO', NULL, 397, 386, NULL, 1, '2025-11-19 08:01:16', '2025-11-19 08:01:16'),
	(53, 12, 'FO', 395, NULL, 386, NULL, 4, '2025-11-19 08:03:14', '2025-11-19 08:03:14'),
	(54, 12, 'FO', 394, NULL, 386, NULL, 3, '2025-11-19 08:04:57', '2025-11-19 08:04:57'),
	(55, 12, 'FO', 394, NULL, 386, NULL, 2, '2025-11-19 08:04:59', '2025-11-19 08:04:59'),
	(56, 12, 'DA', NULL, 397, NULL, 391, 3, '2025-11-19 08:05:04', '2025-11-19 08:05:04'),
	(57, 12, 'DA', NULL, 397, NULL, 391, 2, '2025-11-19 08:05:05', '2025-11-19 08:05:05'),
	(58, 12, 'DA', NULL, 397, NULL, 391, 1, '2025-11-19 08:05:06', '2025-11-19 08:05:06'),
	(59, 12, 'DA', NULL, 397, NULL, 391, 2, '2025-11-19 08:05:06', '2025-11-19 08:05:06'),
	(60, 12, 'DA', NULL, 397, NULL, 391, 3, '2025-11-19 08:05:06', '2025-11-19 08:05:06'),
	(61, 12, 'DA', NULL, 397, NULL, 391, 4, '2025-11-19 08:05:07', '2025-11-19 08:05:07'),
	(62, 12, 'FO', 393, NULL, 388, NULL, 3, '2025-11-19 08:05:27', '2025-11-19 08:05:27'),
	(63, 12, 'FO', 393, NULL, 388, NULL, 2, '2025-11-19 08:05:27', '2025-11-19 08:05:27'),
	(64, 12, 'FO', 393, NULL, 388, NULL, 1, '2025-11-19 08:05:27', '2025-11-19 08:05:27'),
	(65, 12, 'FO', 393, NULL, 388, NULL, 0, '2025-11-19 08:05:27', '2025-11-19 08:05:27'),
	(66, 12, 'FO', 393, NULL, 389, NULL, 3, '2025-11-19 08:05:53', '2025-11-19 08:05:53'),
	(67, 12, 'FO', 393, NULL, 389, NULL, 2, '2025-11-19 08:05:54', '2025-11-19 08:05:54');

-- Volcando datos para la tabla planmaster.project_values: ~23 rows (aproximadamente)
INSERT INTO `project_values` (`id`, `project_id`, `value_text`, `value_order`, `created_at`, `updated_at`) VALUES
	(1, 6, 'Integridad', 1, '2025-09-18 18:48:55', '2025-09-18 18:48:55'),
	(2, 6, 'Compromiso', 2, '2025-09-18 18:48:55', '2025-09-18 18:48:55'),
	(3, 6, 'Innovación', 3, '2025-09-18 18:48:55', '2025-09-18 18:48:55'),
	(10, 5, 'Integridad', 1, '2025-10-22 22:37:54', '2025-10-22 22:37:54'),
	(11, 5, 'Compromiso', 2, '2025-10-22 22:37:54', '2025-10-22 22:37:54'),
	(12, 5, 'Innovación', 3, '2025-10-22 22:37:54', '2025-10-22 22:37:54'),
	(13, 8, 'Accesibilidad Universal', 1, '2025-10-23 12:12:50', '2025-10-23 12:12:50'),
	(14, 8, 'Privacidad y Seguridad', 2, '2025-10-23 12:12:50', '2025-10-23 12:12:50'),
	(15, 8, 'Innovación Responsable', 3, '2025-10-23 12:12:50', '2025-10-23 12:12:50'),
	(16, 8, 'Educación y Empoderamiento', 4, '2025-10-23 12:12:50', '2025-10-23 12:12:50'),
	(17, 8, 'Impacto Social Positivo', 5, '2025-10-23 12:12:50', '2025-10-23 12:12:50'),
	(18, 8, 'Excelencia y Calidad', 6, '2025-10-23 12:12:50', '2025-10-23 12:12:50'),
	(19, 9, 'Integridad', 1, '2025-10-23 23:09:13', '2025-10-23 23:09:13'),
	(20, 9, 'Innovación', 2, '2025-10-23 23:09:13', '2025-10-23 23:09:13'),
	(21, 9, 'Compromiso', 3, '2025-10-23 23:09:13', '2025-10-23 23:09:13'),
	(22, 9, 'Excelencia', 4, '2025-10-23 23:09:13', '2025-10-23 23:09:13'),
	(23, 11, 'Integridad', 1, '2025-11-05 16:52:52', '2025-11-05 16:52:52'),
	(24, 11, 'Compromiso', 2, '2025-11-05 16:52:52', '2025-11-05 16:52:52'),
	(25, 11, 'Etica', 3, '2025-11-05 16:52:52', '2025-11-05 16:52:52'),
	(34, 12, 'Integridad', 1, '2025-11-07 00:08:02', '2025-11-07 00:08:02'),
	(35, 12, 'Compromiso', 2, '2025-11-07 00:08:02', '2025-11-07 00:08:02'),
	(36, 12, 'Autoestima', 3, '2025-11-07 00:08:02', '2025-11-07 00:08:02'),
	(37, 12, 'Empatia', 4, '2025-11-07 00:08:02', '2025-11-07 00:08:02');

-- Volcando datos para la tabla planmaster.project_value_chain: ~150 rows (aproximadamente)
INSERT INTO `project_value_chain` (`id`, `project_id`, `question_number`, `rating`, `created_at`, `updated_at`) VALUES
	(1, 7, 1, 2, '2025-10-01 04:28:18', '2025-10-01 04:28:18'),
	(2, 7, 2, 3, '2025-10-01 04:28:18', '2025-10-01 04:28:18'),
	(3, 7, 3, 1, '2025-10-01 04:28:18', '2025-10-01 04:28:18'),
	(4, 7, 4, 3, '2025-10-01 04:28:18', '2025-10-01 04:28:18'),
	(5, 7, 5, 2, '2025-10-01 04:28:18', '2025-10-01 04:28:18'),
	(6, 7, 6, 2, '2025-10-01 04:28:18', '2025-10-01 04:28:18'),
	(7, 7, 7, 2, '2025-10-01 04:28:18', '2025-10-01 04:28:18'),
	(8, 7, 8, 2, '2025-10-01 04:28:18', '2025-10-01 04:28:18'),
	(9, 7, 9, 2, '2025-10-01 04:28:18', '2025-10-01 04:28:18'),
	(10, 7, 10, 2, '2025-10-01 04:28:18', '2025-10-01 04:28:18'),
	(11, 7, 11, 2, '2025-10-01 04:28:18', '2025-10-01 04:28:18'),
	(12, 7, 12, 1, '2025-10-01 04:28:18', '2025-10-01 04:28:18'),
	(13, 7, 13, 2, '2025-10-01 04:28:18', '2025-10-01 04:28:18'),
	(14, 7, 14, 3, '2025-10-01 04:28:18', '2025-10-01 04:28:18'),
	(15, 7, 15, 1, '2025-10-01 04:28:18', '2025-10-01 04:28:18'),
	(16, 7, 16, 2, '2025-10-01 04:28:18', '2025-10-01 04:28:18'),
	(17, 7, 17, 3, '2025-10-01 04:28:18', '2025-10-01 04:28:18'),
	(18, 7, 18, 4, '2025-10-01 04:28:18', '2025-10-01 04:28:18'),
	(19, 7, 19, 4, '2025-10-01 04:28:18', '2025-10-01 04:28:18'),
	(20, 7, 20, 4, '2025-10-01 04:28:18', '2025-10-01 04:28:18'),
	(21, 7, 21, 4, '2025-10-01 04:28:18', '2025-10-01 04:28:18'),
	(22, 7, 22, 4, '2025-10-01 04:28:18', '2025-10-01 04:28:18'),
	(23, 7, 23, 2, '2025-10-01 04:28:18', '2025-10-01 04:28:18'),
	(24, 7, 24, 2, '2025-10-01 04:28:18', '2025-10-01 04:28:18'),
	(25, 7, 25, 2, '2025-10-01 04:28:19', '2025-10-01 04:28:19'),
	(26, 8, 1, 3, '2025-10-01 22:42:00', '2025-10-01 22:42:00'),
	(27, 8, 2, 2, '2025-10-01 22:42:00', '2025-10-01 22:42:00'),
	(28, 8, 3, 3, '2025-10-01 22:42:00', '2025-10-01 22:42:00'),
	(29, 8, 4, 3, '2025-10-01 22:42:00', '2025-10-01 22:42:00'),
	(30, 8, 5, 3, '2025-10-01 22:42:00', '2025-10-01 22:42:00'),
	(31, 8, 6, 3, '2025-10-01 22:42:00', '2025-10-01 22:42:00'),
	(32, 8, 7, 3, '2025-10-01 22:42:00', '2025-10-01 22:42:00'),
	(33, 8, 8, 3, '2025-10-01 22:42:00', '2025-10-01 22:42:00'),
	(34, 8, 9, 2, '2025-10-01 22:42:00', '2025-10-01 22:42:00'),
	(35, 8, 10, 2, '2025-10-01 22:42:00', '2025-10-01 22:42:00'),
	(36, 8, 11, 3, '2025-10-01 22:42:00', '2025-10-01 22:42:00'),
	(37, 8, 12, 3, '2025-10-01 22:42:00', '2025-10-01 22:42:00'),
	(38, 8, 13, 3, '2025-10-01 22:42:00', '2025-10-01 22:42:00'),
	(39, 8, 14, 3, '2025-10-01 22:42:00', '2025-10-01 22:42:00'),
	(40, 8, 15, 3, '2025-10-01 22:42:00', '2025-10-01 22:42:00'),
	(41, 8, 16, 3, '2025-10-01 22:42:00', '2025-10-01 22:42:00'),
	(42, 8, 17, 3, '2025-10-01 22:42:00', '2025-10-01 22:42:00'),
	(43, 8, 18, 3, '2025-10-01 22:42:00', '2025-10-01 22:42:00'),
	(44, 8, 19, 3, '2025-10-01 22:42:00', '2025-10-01 22:42:00'),
	(45, 8, 20, 3, '2025-10-01 22:42:00', '2025-10-01 22:42:00'),
	(46, 8, 21, 3, '2025-10-01 22:42:00', '2025-10-01 22:42:00'),
	(47, 8, 22, 3, '2025-10-01 22:42:00', '2025-10-01 22:42:00'),
	(48, 8, 23, 3, '2025-10-01 22:42:00', '2025-10-01 22:42:00'),
	(49, 8, 24, 3, '2025-10-01 22:42:00', '2025-10-01 22:42:00'),
	(50, 8, 25, 3, '2025-10-01 22:42:00', '2025-10-01 22:42:00'),
	(51, 5, 1, 3, '2025-10-22 22:27:55', '2025-10-22 22:27:55'),
	(52, 5, 2, 2, '2025-10-22 22:27:55', '2025-10-22 22:27:55'),
	(53, 5, 3, 3, '2025-10-22 22:27:55', '2025-10-22 22:27:55'),
	(54, 5, 4, 2, '2025-10-22 22:27:55', '2025-10-22 22:27:55'),
	(55, 5, 5, 2, '2025-10-22 22:27:55', '2025-10-22 22:27:55'),
	(56, 5, 6, 2, '2025-10-22 22:27:55', '2025-10-22 22:27:55'),
	(57, 5, 7, 2, '2025-10-22 22:27:55', '2025-10-22 22:27:55'),
	(58, 5, 8, 2, '2025-10-22 22:27:55', '2025-10-22 22:27:55'),
	(59, 5, 9, 2, '2025-10-22 22:27:55', '2025-10-22 22:27:55'),
	(60, 5, 10, 2, '2025-10-22 22:27:55', '2025-10-22 22:27:55'),
	(61, 5, 11, 2, '2025-10-22 22:27:55', '2025-10-22 22:27:55'),
	(62, 5, 12, 2, '2025-10-22 22:27:55', '2025-10-22 22:27:55'),
	(63, 5, 13, 2, '2025-10-22 22:27:55', '2025-10-22 22:27:55'),
	(64, 5, 14, 2, '2025-10-22 22:27:55', '2025-10-22 22:27:55'),
	(65, 5, 15, 2, '2025-10-22 22:27:55', '2025-10-22 22:27:55'),
	(66, 5, 16, 2, '2025-10-22 22:27:55', '2025-10-22 22:27:55'),
	(67, 5, 17, 2, '2025-10-22 22:27:55', '2025-10-22 22:27:55'),
	(68, 5, 18, 2, '2025-10-22 22:27:55', '2025-10-22 22:27:55'),
	(69, 5, 19, 2, '2025-10-22 22:27:55', '2025-10-22 22:27:55'),
	(70, 5, 20, 2, '2025-10-22 22:27:55', '2025-10-22 22:27:55'),
	(71, 5, 21, 2, '2025-10-22 22:27:55', '2025-10-22 22:27:55'),
	(72, 5, 22, 2, '2025-10-22 22:27:55', '2025-10-22 22:27:55'),
	(73, 5, 23, 2, '2025-10-22 22:27:55', '2025-10-22 22:27:55'),
	(74, 5, 24, 2, '2025-10-22 22:27:55', '2025-10-22 22:27:55'),
	(75, 5, 25, 2, '2025-10-22 22:27:55', '2025-10-22 22:27:55'),
	(76, 9, 1, 2, '2025-10-23 23:11:46', '2025-10-23 23:11:46'),
	(77, 9, 2, 3, '2025-10-23 23:11:46', '2025-10-23 23:11:46'),
	(78, 9, 3, 4, '2025-10-23 23:11:46', '2025-10-23 23:11:46'),
	(79, 9, 4, 1, '2025-10-23 23:11:46', '2025-10-23 23:11:46'),
	(80, 9, 5, 2, '2025-10-23 23:11:46', '2025-10-23 23:11:46'),
	(81, 9, 6, 3, '2025-10-23 23:11:46', '2025-10-23 23:11:46'),
	(82, 9, 7, 1, '2025-10-23 23:11:46', '2025-10-23 23:11:46'),
	(83, 9, 8, 2, '2025-10-23 23:11:46', '2025-10-23 23:11:46'),
	(84, 9, 9, 4, '2025-10-23 23:11:46', '2025-10-23 23:11:46'),
	(85, 9, 10, 1, '2025-10-23 23:11:46', '2025-10-23 23:11:46'),
	(86, 9, 11, 3, '2025-10-23 23:11:46', '2025-10-23 23:11:46'),
	(87, 9, 12, 0, '2025-10-23 23:11:46', '2025-10-23 23:11:46'),
	(88, 9, 13, 4, '2025-10-23 23:11:46', '2025-10-23 23:11:46'),
	(89, 9, 14, 4, '2025-10-23 23:11:46', '2025-10-23 23:11:46'),
	(90, 9, 15, 4, '2025-10-23 23:11:46', '2025-10-23 23:11:46'),
	(91, 9, 16, 4, '2025-10-23 23:11:46', '2025-10-23 23:11:46'),
	(92, 9, 17, 3, '2025-10-23 23:11:46', '2025-10-23 23:11:46'),
	(93, 9, 18, 3, '2025-10-23 23:11:46', '2025-10-23 23:11:46'),
	(94, 9, 19, 3, '2025-10-23 23:11:46', '2025-10-23 23:11:46'),
	(95, 9, 20, 2, '2025-10-23 23:11:46', '2025-10-23 23:11:46'),
	(96, 9, 21, 2, '2025-10-23 23:11:46', '2025-10-23 23:11:46'),
	(97, 9, 22, 2, '2025-10-23 23:11:46', '2025-10-23 23:11:46'),
	(98, 9, 23, 1, '2025-10-23 23:11:46', '2025-10-23 23:11:46'),
	(99, 9, 24, 1, '2025-10-23 23:11:46', '2025-10-23 23:11:46'),
	(100, 9, 25, 1, '2025-10-23 23:11:46', '2025-10-23 23:11:46'),
	(126, 11, 1, 3, '2025-11-05 23:54:37', '2025-11-05 23:54:37'),
	(127, 11, 2, 4, '2025-11-05 23:54:37', '2025-11-05 23:54:37'),
	(128, 11, 3, 2, '2025-11-05 23:54:37', '2025-11-05 23:54:37'),
	(129, 11, 4, 4, '2025-11-05 23:54:37', '2025-11-05 23:54:37'),
	(130, 11, 5, 4, '2025-11-05 23:54:37', '2025-11-05 23:54:37'),
	(131, 11, 6, 0, '2025-11-05 23:54:37', '2025-11-05 23:54:37'),
	(132, 11, 7, 0, '2025-11-05 23:54:37', '2025-11-05 23:54:37'),
	(133, 11, 8, 2, '2025-11-05 23:54:37', '2025-11-05 23:54:37'),
	(134, 11, 9, 4, '2025-11-05 23:54:37', '2025-11-05 23:54:37'),
	(135, 11, 10, 1, '2025-11-05 23:54:37', '2025-11-05 23:54:37'),
	(136, 11, 11, 3, '2025-11-05 23:54:37', '2025-11-05 23:54:37'),
	(137, 11, 12, 1, '2025-11-05 23:54:37', '2025-11-05 23:54:37'),
	(138, 11, 13, 1, '2025-11-05 23:54:37', '2025-11-05 23:54:37'),
	(139, 11, 14, 3, '2025-11-05 23:54:37', '2025-11-05 23:54:37'),
	(140, 11, 15, 4, '2025-11-05 23:54:37', '2025-11-05 23:54:37'),
	(141, 11, 16, 4, '2025-11-05 23:54:37', '2025-11-05 23:54:37'),
	(142, 11, 17, 4, '2025-11-05 23:54:37', '2025-11-05 23:54:37'),
	(143, 11, 18, 4, '2025-11-05 23:54:37', '2025-11-05 23:54:37'),
	(144, 11, 19, 4, '2025-11-05 23:54:37', '2025-11-05 23:54:37'),
	(145, 11, 20, 3, '2025-11-05 23:54:37', '2025-11-05 23:54:37'),
	(146, 11, 21, 4, '2025-11-05 23:54:37', '2025-11-05 23:54:37'),
	(147, 11, 22, 3, '2025-11-05 23:54:37', '2025-11-05 23:54:37'),
	(148, 11, 23, 4, '2025-11-05 23:54:37', '2025-11-05 23:54:37'),
	(149, 11, 24, 3, '2025-11-05 23:54:37', '2025-11-05 23:54:37'),
	(150, 11, 25, 0, '2025-11-05 23:54:37', '2025-11-05 23:54:37'),
	(151, 12, 1, 0, '2025-11-06 22:18:44', '2025-11-06 22:18:44'),
	(152, 12, 2, 1, '2025-11-06 22:18:44', '2025-11-06 22:18:44'),
	(153, 12, 3, 2, '2025-11-06 22:18:44', '2025-11-06 22:18:44'),
	(154, 12, 4, 3, '2025-11-06 22:18:44', '2025-11-06 22:18:44'),
	(155, 12, 5, 4, '2025-11-06 22:18:44', '2025-11-06 22:18:44'),
	(156, 12, 6, 3, '2025-11-06 22:18:44', '2025-11-06 22:18:44'),
	(157, 12, 7, 2, '2025-11-06 22:18:44', '2025-11-06 22:18:44'),
	(158, 12, 8, 1, '2025-11-06 22:18:44', '2025-11-06 22:18:44'),
	(159, 12, 9, 0, '2025-11-06 22:18:44', '2025-11-06 22:18:44'),
	(160, 12, 10, 1, '2025-11-06 22:18:44', '2025-11-06 22:18:44'),
	(161, 12, 11, 2, '2025-11-06 22:18:44', '2025-11-06 22:18:44'),
	(162, 12, 12, 3, '2025-11-06 22:18:44', '2025-11-06 22:18:44'),
	(163, 12, 13, 4, '2025-11-06 22:18:44', '2025-11-06 22:18:44'),
	(164, 12, 14, 3, '2025-11-06 22:18:44', '2025-11-06 22:18:44'),
	(165, 12, 15, 2, '2025-11-06 22:18:44', '2025-11-06 22:18:44'),
	(166, 12, 16, 1, '2025-11-06 22:18:44', '2025-11-06 22:18:44'),
	(167, 12, 17, 1, '2025-11-06 22:18:44', '2025-11-06 22:18:44'),
	(168, 12, 18, 1, '2025-11-06 22:18:44', '2025-11-06 22:18:44'),
	(169, 12, 19, 1, '2025-11-06 22:18:44', '2025-11-06 22:18:44'),
	(170, 12, 20, 2, '2025-11-06 22:18:44', '2025-11-06 22:18:44'),
	(171, 12, 21, 2, '2025-11-06 22:18:44', '2025-11-06 22:18:44'),
	(172, 12, 22, 3, '2025-11-06 22:18:44', '2025-11-06 22:18:44'),
	(173, 12, 23, 2, '2025-11-06 22:18:44', '2025-11-06 22:18:44'),
	(174, 12, 24, 1, '2025-11-06 22:18:44', '2025-11-06 22:18:44'),
	(175, 12, 25, 4, '2025-11-06 22:18:44', '2025-11-06 22:18:44');

-- Volcando datos para la tabla planmaster.project_vision: ~6 rows (aproximadamente)
INSERT INTO `project_vision` (`id`, `project_id`, `vision_text`, `is_completed`, `created_at`, `updated_at`) VALUES
	(1, 6, 'Ser reconocidos en 2027, como la mejor salchipaperia de Tacna', 1, '2025-09-18 18:48:30', '2025-09-18 18:48:30'),
	(2, 8, 'afdddddddddddddddddddddddddddddddddddddddddddddd ssssssssssssssssssssssssssssssssssssssssssssss sssssssssssssssssssssssssssssssssssssssssssssssss', 1, '2025-10-01 22:24:15', '2025-10-01 22:24:15'),
	(3, 5, 'Imagina tu empresa en 2-3 años: ¿Dónde estará ubicada? ¿Qué productos o servicios ofrecerá? ¿Cómo será reconocida en el mercado? ¿Cuál será su posición competitiva?', 1, '2025-10-22 22:37:42', '2025-10-22 22:37:42'),
	(4, 9, 'ajsdkjabjdkbkjs ajbdkjakjdnkjand ajndkjadkjbajd ajsdkjbakjdbsa', 1, '2025-10-23 23:08:21', '2025-10-23 23:08:21'),
	(5, 11, 'Visión de la empresa es ser reconocida a nivel distrital de Tacna como una de las farmacias con mas relevancia.', 1, '2025-11-05 16:52:37', '2025-11-05 16:52:37'),
	(6, 12, 'La misión de la empresa es otorgar fe y esperanza a toda la población peruana y con mucha fe y esperanza.', 1, '2025-11-06 19:02:20', '2025-11-07 00:07:58');

-- Volcando datos para la tabla planmaster.strategic_projects: ~12 rows (aproximadamente)
INSERT INTO `strategic_projects` (`id`, `user_id`, `project_name`, `company_name`, `created_at`, `updated_at`, `completed_at`, `status`, `progress_percentage`) VALUES
	(1, 7, 'dafafaffafaf', 'fafafafaf', '2025-09-17 23:55:51', '2025-09-17 23:55:51', NULL, 'in_progress', NULL),
	(2, 2, 'Plan de Superación de Caida de ventas', 'CAPICODEX', '2025-09-18 00:08:52', '2025-09-18 00:08:52', NULL, 'in_progress', NULL),
	(3, 6, 'proyecto 1', 'proyecto 1', '2025-09-18 18:38:21', '2025-09-18 18:38:21', NULL, 'in_progress', 0.00),
	(4, 2, 'PLAN PARA AUMENTO DE VENTAS DE LA SALCHIPAPERIA DE VICTOR', 'SALCHIPAPEANDO CON VICTOR', '2025-09-18 18:43:36', '2025-09-18 18:43:36', NULL, 'in_progress', NULL),
	(5, 6, 'lk;lk;lk;l', 'kkkkk', '2025-09-18 18:45:17', '2025-09-18 18:45:17', NULL, 'in_progress', NULL),
	(6, 2, 'PLAN ESTRATEGICO PARA AUMENTO DE VENTAS DE LA SALCHIPAPERIA DE VICTOR', 'SALCHIPAPEANDO CON VICTOR', '2025-09-18 18:45:41', '2025-09-18 18:45:41', NULL, 'in_progress', NULL),
	(7, 10, 'dadawdawdadwadaw', 'dwdawdawdawd', '2025-09-18 19:05:32', '2025-09-18 19:05:32', NULL, 'in_progress', NULL),
	(8, 3, 'Plan Estrategico Google 2025-2030: Tecnologia para Todos', 'Google', '2025-10-01 22:23:19', '2025-10-01 22:23:19', NULL, 'in_progress', 0.00),
	(9, 3, 'plan estrategico', 'gaby corp', '2025-10-23 23:06:33', '2025-10-23 23:06:33', NULL, 'in_progress', 0.00),
	(10, 1, 'BCG Test 2025-10-30 02:21:51', 'Empresa Demo BCG', '2025-10-30 01:21:51', '2025-10-30 01:21:51', NULL, 'draft', 0.00),
	(11, 10, 'Plan Estrategico para Farmacia Maria de los Angeles', 'Farmacia Maria de los Angeles', '2025-11-05 16:51:13', '2025-11-05 16:51:13', NULL, 'in_progress', 0.00),
	(12, 10, 'Plan Estrategico de Fe', 'Fe y Esperanza', '2025-11-06 18:55:52', '2025-11-06 18:55:52', NULL, 'in_progress', 0.00);

-- Volcando datos para la tabla planmaster.users: ~13 rows (aproximadamente)
INSERT INTO `users` (`id`, `email`, `password`, `name`, `avatar`, `google_id`, `email_verified`, `verification_token`, `reset_token`, `reset_token_expires`, `created_at`, `updated_at`, `last_login`, `status`) VALUES
	(1, 'admin@planmaster.com', '$2y$10$rCgRXCL8EfE5IUvYwLBVN.6wxPoSCS9QZUTnULXwT2cH4SCcrJ9U.', 'Administrador PlanMaster', NULL, NULL, 1, NULL, NULL, NULL, '2025-09-11 19:04:33', '2025-09-11 23:02:26', NULL, 'active'),
	(2, 'fuentessebastiansa4s@gmail.com', NULL, 'Sebastian Fuentes', 'https://lh3.googleusercontent.com/a/ACg8ocLfEswYK_9p-rBZuBQE7S8VeDn8_qMdo6rVjf2vCrLvDkU9CxBg=s96-c', '118266572871877651902', 1, NULL, NULL, NULL, '2025-09-11 23:08:36', '2025-09-18 18:59:08', '2025-09-18 18:59:08', 'active'),
	(3, 'gg2022074263@virtual.upt.pe', NULL, 'GABRIELA LUZKALID GUTIERREZ MAMANI', 'https://lh3.googleusercontent.com/a/ACg8ocJjxREiRM1D_ZSObeuGt0bZFHXkv4mdBwUTp_BHwvPgg_IZxVpr=s96-c', '115944247263508584295', 1, NULL, NULL, NULL, '2025-09-11 23:10:45', '2025-11-05 22:12:10', '2025-11-05 22:12:10', 'active'),
	(4, 'chevichin2018@gmail.com', '$2y$10$TTSoSkzIGip9IATplJuHy.6Yd7WSb9vDIbU4Cu6B3Uniao05mJ3nC', 'Chebastian Ricolas', NULL, NULL, 1, NULL, NULL, NULL, '2025-09-11 23:58:53', '2025-09-11 23:59:29', '2025-09-11 23:59:29', 'active'),
	(5, 'victoraprendiendocon@gmail.com', NULL, 'Aprendiendo con Victor', 'https://lh3.googleusercontent.com/a/ACg8ocITzx8cXQonIajDFmHtppjavUgNFl2YqzWyXUmeGAps1M3WM7Q=s96-c', '115289334880461933766', 1, NULL, NULL, NULL, '2025-09-12 00:04:32', '2025-09-12 00:04:32', '2025-09-12 00:04:32', 'active'),
	(6, 'nkmelndz@gmail.com', '$2y$10$CZxOAbvuR47a/5rfZ/zqL.TTC4msAvG1WNF.CeLGXKGTPhPlOyQQ.', 'nikolas', NULL, NULL, 1, NULL, NULL, NULL, '2025-09-17 21:59:04', '2025-10-23 22:47:18', '2025-10-23 22:47:18', 'active'),
	(7, 'sf2022073902@virtual.upt.pe', NULL, 'SEBASTIAN NICOLAS FUENTES AVALOS', 'https://lh3.googleusercontent.com/a/ACg8ocIldVbBQckiP7rwOIKiNWrDyrMX8yoUr2wjceuxppk4ahCQpm0=s96-c', '118030351119923353936', 1, NULL, NULL, NULL, '2025-09-17 21:59:09', '2025-10-22 23:55:08', '2025-10-22 23:55:08', 'active'),
	(8, 'ferquatck@gmail.com', NULL, 'fer ,', 'https://lh3.googleusercontent.com/a/ACg8ocJwB9Y4ST5t74ag0w5PyB7qshajRj4NsO-1HvO7QsUIOizrBg=s96-c', '108307062242127529441', 1, NULL, NULL, NULL, '2025-09-17 22:01:35', '2025-09-17 22:01:35', '2025-09-17 22:01:35', 'active'),
	(9, 'cescamac@upt.pe', '$2y$10$KRSRaJ0qScKBdlIBKwpBwukDiVHkbC7FlEOcCdXF4QGBCjs6quv5e', 'cesar camac', NULL, NULL, 1, NULL, NULL, NULL, '2025-09-18 04:08:08', '2025-09-18 04:08:15', '2025-09-18 04:08:15', 'active'),
	(10, 'gagaga@email.com', '$2y$10$S58/gIoNoC9ruw9dia59sOpduIAYei2QBiNMEMwwuoyG33aV.UkdW', 'gagaga', NULL, NULL, 1, NULL, NULL, NULL, '2025-09-18 19:05:09', '2025-11-19 08:25:15', '2025-11-19 08:25:15', 'active'),
	(11, 'cc2022074262@virtual.upt.pe', NULL, 'CESAR NIKOLAS CAMAC MELENDEZ', 'https://lh3.googleusercontent.com/a/ACg8ocJ8aemfsa0JcyWht1g7g1wafmHFPaDnMqzk0JvbZnUWJ7-IDXmI=s96-c', '117081121404025596376', 1, NULL, NULL, NULL, '2025-10-22 22:55:19', '2025-10-29 22:03:30', '2025-10-29 22:03:30', 'active'),
	(12, 'nicolas@gmail.com', '$2y$10$B9D2c/HG4gBK5jm4ywZ78OZ6eL9Y/HLPp4KsMgf28KfaEAD/EipxS', 'nicolas', NULL, NULL, 1, NULL, NULL, NULL, '2025-10-29 22:27:19', '2025-10-29 22:27:19', NULL, 'active'),
	(13, 'nicolas@email.com', '$2y$10$gAzRBXs0em/rPVnOdZr2.OJKsKFidIaJrTqAICclH0v0TxAkDVInm', 'nicolas', NULL, NULL, 1, NULL, NULL, NULL, '2025-10-29 22:28:26', '2025-10-29 22:28:26', NULL, 'active');

-- Volcando datos para la tabla planmaster.user_sessions: ~0 rows (aproximadamente)

/*!40103 SET TIME_ZONE=IFNULL(@OLD_TIME_ZONE, 'system') */;
/*!40101 SET SQL_MODE=IFNULL(@OLD_SQL_MODE, '') */;
/*!40014 SET FOREIGN_KEY_CHECKS=IFNULL(@OLD_FOREIGN_KEY_CHECKS, 1) */;
/*!40101 SET CHARACTER_SET_CLIENT=@OLD_CHARACTER_SET_CLIENT */;
/*!40111 SET SQL_NOTES=IFNULL(@OLD_SQL_NOTES, 1) */;
